Query_ID	Target_ID	Optimal_offset	p-value	Correlation	q-value	Orientation
0	mef2d	.	2.0150364954203212e-05	2.0150364954203212e-05	0.011888715322979896	.
0	foxd1+foxd7	.	0.0001770137334290001	0.0001770137334290001	0.0366948760399406	.
0	foxg1b+si:rp71-45k5.2	.	0.0001865841154573251	0.0001865841154573251	0.0366948760399406	.
1	pparab	.	1.1480563523293955e-13	1.1480563523293955e-13	6.773532478743433e-11	.
1	esr1+esr2a+esr2b	.	1.747591594202035e-12	1.747591594202035e-12	3.541740590087571e-10	.
1	rargb	.	1.8008850458072396e-12	1.8008850458072396e-12	3.541740590087571e-10	.
1	nr2c1	.	3.768088276943002e-12	3.768088276943002e-12	5.557930208490928e-10	.
1	roraa+rorab	.	1.4701738688472208e-11	1.4701738688472208e-11	1.7348051652397205e-09	.
1	nr4a3	.	4.1050265898499544e-11	4.1050265898499544e-11	4.036609480019122e-09	.
1	nr2f1a	.	5.95527013782413e-11	5.95527013782413e-11	5.01944197330891e-09	.
1	nr2f1b+nr2f5	.	7.867892802407933e-11	7.867892802407933e-11	5.802570941775851e-09	.
1	nr4a2b	.	2.843863445372111e-10	2.843863445372111e-10	1.6778794327695456e-08	.
1	thraa+thrab	.	2.781946167394963e-10	2.781946167394963e-10	1.6778794327695456e-08	.
1	nr4a1	.	3.3607901526108617e-10	3.3607901526108617e-10	1.8026056273094622e-08	.
1	esrrd+esrrga	.	8.142900841739349e-10	8.142900841739349e-10	4.0035929138551796e-08	.
1	esrra+esrrgb	.	1.1125834498962376e-09	1.1125834498962376e-09	4.758235387908175e-08	.
1	nr4a2a	.	1.1290728039104142e-09	1.1290728039104142e-09	4.758235387908175e-08	.
1	esrrb	.	1.4000637275245815e-09	1.4000637275245815e-09	5.506917328263354e-08	.
1	raraa+rarab	.	5.02420119559169e-09	5.02420119559169e-09	1.8526741908744358e-07	.
1	nr1d2a	.	5.702327047862494e-09	5.702327047862494e-09	1.9790429166111006e-07	.
1	rorc	.	3.708500026840435e-08	3.708500026840435e-08	1.215563897686587e-06	.
1	nr5a1a+nr5a2+nr5a5	.	1.370905067834385e-07	1.370905067834385e-07	4.257021000117301e-06	.
1	rarga	.	1.5246314448877266e-07	1.5246314448877266e-07	4.497662762418794e-06	.
1	nr1h4	.	1.698799928435824e-07	1.698799928435824e-07	4.772818846557792e-06	.
1	glis2a+glis2b	.	4.351989963900455e-07	4.351989963900455e-07	1.1671245812278492e-05	.
1	zic2a+zic2b	.	9.870210202690605e-07	9.870210202690605e-07	2.531923486777155e-05	.
1	maff+mafga+mafgb	.	1.4746855719640312e-06	1.4746855719640312e-06	3.62526869774491e-05	.
1	insm1a+insm1b	.	4.389896970668979e-06	4.389896970668979e-06	0.00010360156850778791	.
1	zbtb7a+zbtb7c	.	5.6779391847924105e-06	5.6779391847924105e-06	0.00012884554303952008	.
1	nr6a1a	.	6.273234799888008e-06	6.273234799888008e-06	0.00013708179747903425	.
1	prdm14	.	7.955621453591884e-06	7.955621453591884e-06	0.00016763630920068614	.
1	runx2a+runx2b	.	1.0246851590294814e-05	1.0246851590294814e-05	0.00020847042890599795	.
1	tfeb	.	1.2438587778105298e-05	1.2438587778105298e-05	0.0002446255596360709	.
1	snai1a	.	1.4598227221404898e-05	1.4598227221404898e-05	0.00027783722776222224	.
1	junba+junbb	.	1.598503138520185e-05	1.598503138520185e-05	0.00029472401616465914	.
1	CABZ01079241.1+zfx+znf711	.	2.779515247760762e-05	2.779515247760762e-05	0.000496943635205712	.
1	zbtb47b+znf652	.	2.9122248617772897e-05	2.9122248617772897e-05	0.000505356667190765	.
1	pax2b	.	3.0347409331260465e-05	3.0347409331260465e-05	0.0005115706144412478	.
1	hnf4a+hnf4b	.	3.428351114792093e-05	3.428351114792093e-05	0.0005618686549242597	.
1	usf2	.	3.5646974751738707e-05	3.5646974751738707e-05	0.0005684247325277253	.
1	usf1l	.	4.1153103887072715e-05	4.1153103887072715e-05	0.0006389560866677079	.
1	tfe3a+tfe3b	.	4.414556348450761e-05	4.414556348450761e-05	0.0006678431398938331	.
1	tgif1	.	4.754531003753707e-05	4.754531003753707e-05	0.0007012933230536718	.
1	zeb1a+zeb1b	.	5.1996108614856165e-05	5.1996108614856165e-05	0.0007482366849454912	.
1	atf1	.	5.757711986679026e-05	5.757711986679026e-05	0.000808821445747768	.
1	gli2a+gli3	.	6.113526154703361e-05	6.113526154703361e-05	0.0008388326584360425	.
1	si:dkey-229b18.3+snai2	.	6.948276567471236e-05	6.948276567471236e-05	0.000910996261068451	.
1	foxg1a+foxg1c+foxg1d+zgc:113424	.	6.885668449688683e-05	6.885668449688683e-05	0.000910996261068451	.
1	fosl2l	.	7.348007037145842e-05	7.348007037145842e-05	0.0009424617721556623	.
1	FO834857.1	.	9.361025198679369e-05	9.361025198679369e-05	0.001175107418557623	.
1	pknox1.1+pknox1.2	.	0.00010291370741816327	0.00010291370741816327	0.0012649809870149235	.
1	six4a+six4b	.	0.00011752812700401698	0.00011752812700401698	0.0014151345904565309	.
1	meis2a+meis2b	.	0.00012613187467699533	0.00012613187467699533	0.001488356121188545	.
1	hic1l+hic2	.	0.00013569076578652344	0.00013569076578652344	0.0015105198455480913	.
1	hnf4g	.	0.00013473950547354544	0.00013473950547354544	0.0015105198455480913	.
1	meis1a+meis1b	.	0.0001327320956803218	0.0001327320956803218	0.0015105198455480913	.
1	atf2	.	0.00015185645047363012	0.00015185645047363012	0.001602643248366683	.
1	eomesa+eomesb	.	0.00015211529137039702	0.00015211529137039702	0.001602643248366683	.
1	pknox2	.	0.00014804729603735771	0.00014804729603735771	0.001602643248366683	.
1	bcl11aa+znf296	.	0.00015955926052869436	0.00015955926052869436	0.0016515783107356082	.
1	patz1	.	0.00016830272229575416	0.00016830272229575416	0.0017120449336981889	.
1	runx1	.	0.00017558137950557677	0.00017558137950557677	0.0017558137950557677	.
1	atf7a+atf7b	.	0.00019800927730247156	0.00019800927730247156	0.001947091226807637	.
1	nfyal	.	0.00020713743225358138	0.00020713743225358138	0.002003460410321525	.
1	bach1a+bach1b+bach2a+bach2b	.	0.00022351421583920777	0.00022351421583920777	0.0021116422475923034	.
1	snai1b+snai3	.	0.00022548044338697478	0.00022548044338697478	0.0021116422475923034	.
1	tfap2b	.	0.0002383880814462087	0.0002383880814462087	0.0021976401258322364	.
1	zgc:112083	.	0.0002596902802756138	0.0002596902802756138	0.0023571886978863404	.
1	TCF4	.	0.00028336042891585745	0.00028336042891585745	0.002533070500914483	.
1	jdp2b	.	0.00030803020880876226	0.00030803020880876226	0.0027125048238383544	.
1	e4f1+si:dkeyp-79b7.12	.	0.0003130963462417712	0.0003130963462417712	0.0027165712394506616	.
1	atf3	.	0.0003472007113662427	0.0003472007113662427	0.0029264059958011884	.
1	hinfp	.	0.00034500518051555976	0.00034500518051555976	0.0029264059958011884	.
1	june	.	0.0003926160110905295	0.0003926160110905295	0.003262583754132569	.
1	hic1	.	0.0004102331880589356	0.0004102331880589356	0.003315583300750301	.
1	nfe2l1b+nfe2l2b	.	0.0004097869008530152	0.0004097869008530152	0.003315583300750301	.
1	si:ch211-69l10.4+tbx15	.	0.00042454875946614174	0.00042454875946614174	0.0033397835744669816	.
1	fosl2	.	0.00042316652597289284	0.00042316652597289284	0.0033397835744669816	.
1	scrt1a+scrt1b+scrt2	.	0.00047029183660139234	0.00047029183660139234	0.0036509497841423883	.
1	klf13+zgc:153115	.	0.0004972286338589552	0.0004972286338589552	0.003809933688010176	.
1	elk4	.	0.0005213940394036062	0.0005213940394036062	0.003943877990360611	.
1	creb5a+creb5b	.	0.0005363435243311665	0.0005363435243311665	0.004005603536144155	.
1	CABZ01090890.1+atf6	.	0.000544742430232601	0.000544742430232601	0.004017475422965433	.
1	bhlhe41	.	0.0005733417643196724	0.0005733417643196724	0.004176193098130948	.
1	meis3	.	0.0006044328045367913	0.0006044328045367913	0.0043489677399598395	.
1	batf2+batf3	.	0.0006152029461555716	0.0006152029461555716	0.004373129376286593	.
1	id4	.	0.0006342607409772872	0.0006342607409772872	0.004454926633054755	.
1	pgr	.	0.0006578274281369445	0.0006578274281369445	0.004522879450974044	.
1	prox1a+prox2+prox3	.	0.0006592671742097759	0.0006592671742097759	0.004522879450974044	.
1	srebf2	.	0.0006801130122474756	0.0006801130122474756	0.004612260657770237	.
1	srebf1	.	0.0008274424524735835	0.0008274424524735835	0.005547625533629708	.
1	usf1	.	0.0008628611943131976	0.0008628611943131976	0.005689964522996129	.
1	fosl1b+jdp2a	.	0.0008799405340521991	0.0008799405340521991	0.005689964522996129	.
1	klf12a	.	0.0008872487052807523	0.0008872487052807523	0.005689964522996129	.
1	foxn1	.	0.000880461804752685	0.000880461804752685	0.005689964522996129	.
1	hoxc12a+hoxc12b	.	0.0009015694881311297	0.0009015694881311297	0.005719634387068457	.
1	smarcc1a+smarcc1b	.	0.0009551397271721265	0.0009551397271721265	0.0059950259471441975	.
1	yy1a+yy1b	.	0.0010282602134589073	0.0010282602134589073	0.0063860371151658445	.
1	tbx1	.	0.0011592044799826964	0.0011592044799826964	0.007082500251725607	.
1	nfe2l2a	.	0.001164411058334549	0.001164411058334549	0.007082500251725607	.
1	creb3l1	.	0.0011875503487542508	0.0011875503487542508	0.007149537813928653	.
1	tbx4	.	0.00121223782881254	0.00121223782881254	0.0072244476666605915	.
1	tbx5a+tbx5b	.	0.0012620761350928646	0.0012620761350928646	0.007446249197047902	.
1	plag1+plagx	.	0.0012951465127861092	0.0012951465127861092	0.007565707351918856	.
1	phox2ba	.	0.001344945699455453	0.001344945699455453	0.007779587869399188	.
1	myb	.	0.0013608294439561208	0.0013608294439561208	0.007795042445962246	.
1	xbp1	.	0.001543105702781927	0.001543105702781927	0.008754157352320548	.
1	klf12b	.	0.0016398182819708858	0.0016398182819708858	0.009214217012979262	.
1	egr3	.	0.0016667273958496454	0.0016667273958496454	0.009277067580672555	.
1	gcm2	.	0.0017450180848839446	0.0017450180848839446	0.00953296916742155	.
1	tbxta+tbxtb	.	0.0017329101874800693	0.0017329101874800693	0.00953296916742155	.
1	figla	.	0.001802808820915603	0.001802808820915603	0.009758322975598218	.
1	egr4	.	0.0019164468962569437	0.0019164468962569437	0.010279124261741789	.
1	pbx1a+pbx1b+pbx2+pbx3a+pbx3b	.	0.0020650279113612643	0.0020650279113612643	0.01096475639343197	.
1	mespaa+mespab+mespba+mespbb	.	0.0020814452814650517	0.0020814452814650517	0.01096475639343197	.
1	klf5l+klf6a+klf6b	.	0.0021580478636030755	0.0021580478636030755	0.011267683535626677	.
1	mybl2a	.	0.00221457072535587	0.00221457072535587	0.011454679594327026	.
1	mgaa	.	0.002232691785334929	0.002232691785334929	0.011454679594327026	.
1	onecut1+onecutl	.	0.0023402091509647596	0.0023402091509647596	0.011902787923010414	.
1	zic3	.	0.0023962498632132865	0.0023962498632132865	0.012083653156374692	.
1	sp8a+sp8b	.	0.002442567741071213	0.002442567741071213	0.012110209808672402	.
1	ikzf2	.	0.002424709918240788	0.002424709918240788	0.012110209808672402	.
1	fli1b	.	0.0024678390803777716	0.0024678390803777716	0.01213354214519071	.
1	tp73	.	0.0025972283304956704	0.0025972283304956704	0.012664171198284674	.
1	tbx16+tbx16l+tbx2a+tbx2b	.	0.0028327036759328685	0.0028327036759328685	0.013587765600003191	.
1	smad10a+smad4a	.	0.0028305246859935914	0.0028305246859935914	0.013587765600003191	.
1	mbd2	.	0.0029511012549146586	0.0029511012549146586	0.014041530164513294	.
1	mafk	.	0.002997040123842534	0.002997040123842534	0.014146029384536761	.
1	tbr1a+tbr1b+tbx21	.	0.00334237862894051	0.00334237862894051	0.015650820564086516	.
1	hbp1	.	0.003473514618271569	0.003473514618271569	0.016136800195119885	.
1	tfec	.	0.0036396074194494673	0.0036396074194494673	0.016504426955948604	.
1	gmeb1	.	0.0036645422563207916	0.0036645422563207916	0.016504426955948604	.
1	fosb+ttf1.6	.	0.003640720416960543	0.003640720416960543	0.016504426955948604	.
1	prdm4	.	0.0036403595475717264	0.0036403595475717264	0.016504426955948604	.
1	elf3	.	0.0038028542520932708	0.0038028542520932708	0.016948778562424566	.
1	gatad2ab+jun	.	0.0038206568623770634	0.0038206568623770634	0.016948778562424566	.
1	gbx2	.	0.0039015076376441265	0.0039015076376441265	0.01717827989708981	.
1	mafa+mafbb	.	0.003936743104291124	0.003936743104291124	0.0172050254187538	.
1	twist1a+twist1b+twist3	.	0.0041419755931074425	0.0041419755931074425	0.017933571151064767	.
1	tfcp2+tfcp2l1+ubp1	.	0.0041642360130438524	0.0041642360130438524	0.017933571151064767	.
1	egr2a+egr2b	.	0.004237679042778338	0.004237679042778338	0.018117613298834923	.
1	si:ch211-153j24.3	.	0.004350161802933462	0.004350161802933462	0.018464715566408222	.
1	foxo1a+foxo1b	.	0.004449561471084081	0.004449561471084081	0.01875172334242577	.
1	sp1	.	0.0045268748348824776	0.0045268748348824776	0.018942242216884127	.
1	fev+fli1a	.	0.004612161452549642	0.004612161452549642	0.01916320603524147	.
1	klf4	.	0.004661353410053694	0.004661353410053694	0.019232157426095662	.
1	wt1a+wt1b	.	0.0047521487222265246	0.0047521487222265246	0.019470609348011456	.
1	ddx28+nfatc1+nfatc2b+nfatc3a+nfatc3b+nfatc4	.	0.004990838192771365	0.004990838192771365	0.02016845571051442	.
1	mlx	.	0.004989756320118694	0.004989756320118694	0.02016845571051442	.
1	nfatc2a	.	0.005590363997997775	0.005590363997997775	0.02217947083381303	.
1	gfi1aa+gfi1ab	.	0.005563141647772952	0.005563141647772952	0.02217947083381303	.
1	rsl1d1+sp3a	.	0.005601256193623968	0.005601256193623968	0.02217947083381303	.
1	ebf3a-1+si:ch211-51e8.2	.	0.005652376936920925	0.005652376936920925	0.022232682618555637	.
1	tlx1	.	0.00581803654339217	0.00581803654339217	0.02258316816185119	.
1	erf+erfl3	.	0.005812180938651866	0.005812180938651866	0.02258316816185119	.
1	tcf12	.	0.006032068738043783	0.006032068738043783	0.023260918663044652	.
1	ebf3a-2+ebf3b	.	0.00612015834153561	0.00612015834153561	0.02334840563403571	.
1	znf740a+znf740b	.	0.006252226148877856	0.006252226148877856	0.02334840563403571	.
1	klf3+klf8	.	0.006220128506515074	0.006220128506515074	0.02334840563403571	.
1	mafb+nrl	.	0.0061779673040149525	0.0061779673040149525	0.02334840563403571	.
1	tcf7l1a+tcf7l1b+tcf7l2	.	0.0062526238816570205	0.0062526238816570205	0.02334840563403571	.
1	sox9a+sox9b	.	0.006377912464021581	0.006377912464021581	0.023666467633790773	.
1	bhlha15	.	0.00651960517044225	0.00651960517044225	0.023998422934982614	.
1	mta3	.	0.006548722190732543	0.006548722190732543	0.023998422934982614	.
1	nfe2+nfe2l1a	.	0.006989150451403825	0.006989150451403825	0.025454313372396647	.
1	nfic	.	0.007703645479182275	0.007703645479182275	0.027884360936917436	.
1	smad2	.	0.008192119859859856	0.008192119859859856	0.029471650715349483	.
1	tp63	.	0.008256892328393954	0.008256892328393954	0.02952464529546929	.
1	foxd1+foxd7	.	0.008341554898120671	0.008341554898120671	0.02964769511982648	.
1	ebf1b	.	0.0084314169526279	0.0084314169526279	0.029787640730841086	.
1	erg	.	0.008504995600716232	0.008504995600716232	0.029868734550134383	.
1	hmbox1a+zgc:91944	.	0.008837221874971752	0.008837221874971752	0.030851839681854048	.
1	prdm2a	.	0.009074877653186007	0.009074877653186007	0.03149516361988085	.
1	sox19a+sox19b+sox3	.	0.009243531825542464	0.009243531825542464	0.03189288758520499	.
1	neurod1	.	0.009518325891576427	0.009518325891576427	0.03202088858820463	.
1	tcf7	.	0.00955061869518713	0.00955061869518713	0.03202088858820463	.
1	foxg1b+si:rp71-45k5.2	.	0.009412186211021918	0.009412186211021918	0.03202088858820463	.
1	mlxipl	.	0.009378918368033354	0.009378918368033354	0.03202088858820463	.
1	mitfa+mitfb	.	0.009551993883939009	0.009551993883939009	0.03202088858820463	.
1	elk1	.	0.009641389003025148	0.009641389003025148	0.03213796334341716	.
1	nkx2.5	.	0.009935952314640801	0.009935952314640801	0.032933774526056586	.
1	etv1	.	0.010285840614192075	0.010285840614192075	0.03390305006912472	.
1	nfia	.	0.010511820870258972	0.010511820870258972	0.03445541285251552	.
1	sox2	.	0.01077172041938641	0.01077172041938641	0.03511223783114907	.
1	hey2	.	0.011301714135721409	0.011301714135721409	0.0366374249454705	.
1	her12+her15.1+her15.2+her2+her4.1+her4.2+her4.3+her4.4	.	0.01183884956402693	0.01183884956402693	0.03816896853975895	.
1	srfa+srfb	.	0.012351570904869744	0.012351570904869744	0.039605580618875806	.
1	foxp1a+foxp1b+foxp3a	.	0.012492729132385076	0.012492729132385076	0.03962747412960857	.
1	ets2	.	0.012460744383621401	0.012460744383621401	0.03962747412960857	.
1	nfixa+nfixb	.	0.013011021231036398	0.013011021231036398	0.04105081564872447	.
1	cux2b	.	0.013195790564434448	0.013195790564434448	0.04141232145221449	.
1	mtf1	.	0.013304204419306917	0.013304204419306917	0.04153164342534964	.
1	gli1+gli2b	.	0.013497148846905855	0.013497148846905855	0.04191219905091818	.
1	six1b	.	0.013583510694711766	0.013583510694711766	0.041959535653821683	.
1	mybl2b	.	0.013888543885124597	0.013888543885124597	0.04267833798033079	.
1	max+si:ch73-59f11.3	.	0.014262655607976014	0.014262655607976014	0.043600864293812686	.
1	zbtb4	.	0.014464905098192087	0.014464905098192087	0.043765610297094006	.
1	zgc:161969	.	0.014419689393719537	0.014419689393719537	0.043765610297094006	.
1	atf4a+atf4b	.	0.014703666684281982	0.014703666684281982	0.04426103746799168	.
1	elf2a+elf2b	.	0.014994015712648438	0.014994015712648438	0.04490593538305877	.
1	dharma	.	0.015178586681723637	0.015178586681723637	0.04522912193038861	.
1	mecp2	.	0.015541601969662465	0.015541601969662465	0.045847725810504274	.
1	nkx2.1	.	0.015506506618212993	0.015506506618212993	0.045847725810504274	.
1	lef1	.	0.015721004033367042	0.015721004033367042	0.04614623074470923	.
1	myca+mych	.	0.01597289401111732	0.01597289401111732	0.0466535023096991	.
1	hey1+heyl	.	0.016697922530923965	0.016697922530923965	0.04853090784849822	.
1	gmeb2	.	0.01726392622632638	0.01726392622632638	0.04971843609099365	.
1	sox12	.	0.017275049828226606	0.017275049828226606	0.04971843609099365	.
2	tfdp1a+tfdp1b	.	2.525750177796258e-09	2.525750177796258e-09	1.490192604899792e-06	.
2	egr3	.	2.0541033726025756e-07	2.0541033726025756e-07	6.059604949177598e-05	.
2	egr2a+egr2b	.	7.422236031313812e-07	7.422236031313812e-07	0.00014597064194917162	.
2	klf5l+klf6a+klf6b	.	1.2076047431627276e-06	1.2076047431627276e-06	0.00017812169961650232	.
2	yy1a+yy1b	.	2.4257240650386703e-06	2.4257240650386703e-06	0.0002862354396745631	.
2	egr1	.	6.091244418137607e-06	6.091244418137607e-06	0.0005989723677835313	.
2	insm1a+insm1b	.	1.091274739837431e-05	1.091274739837431e-05	0.000919788709291549	.
2	neurod1	.	4.6543463359001814e-05	4.6543463359001814e-05	0.0034325804227263836	.
2	plag1+plagx	.	9.93095172546217e-05	9.93095172546217e-05	0.005326601380020618	.
2	e2f2	.	9.216220608774816e-05	9.216220608774816e-05	0.005326601380020618	.
2	hinfp	.	8.484003004721406e-05	8.484003004721406e-05	0.005326601380020618	.
2	patz1	.	0.0001360322762815261	0.0001360322762815261	0.0066882535838417	.
2	zbtb7a+zbtb7c	.	0.00014984334237234218	0.00014984334237234218	0.006800582461513991	.
2	hic1l+hic2	.	0.0002030591297353856	0.0002030591297353856	0.008557491895991252	.
2	e2f5	.	0.00022301366050186754	0.00022301366050186754	0.00877187064640679	.
2	nfixa+nfixb	.	0.0003601763742935399	0.0003601763742935399	0.013281503802074284	.
2	snai1b+snai3	.	0.00044259976235662104	0.00044259976235662104	0.013842954325197143	.
2	nfic	.	0.000586565861237167	0.000586565861237167	0.013842954325197143	.
2	twist1a+twist1b+twist3	.	0.000543171568614474	0.000543171568614474	0.013842954325197143	.
2	tfap2d	.	0.00051848199015234	0.00051848199015234	0.013842954325197143	.
2	nfia	.	0.00048194970197933514	0.00048194970197933514	0.013842954325197143	.
2	mafb+nrl	.	0.00044723133183584285	0.00044723133183584285	0.013842954325197143	.
2	CABZ01079241.1+zfx+znf711	.	0.0005429344043711606	0.0005429344043711606	0.013842954325197143	.
2	sp1	.	0.00040791091945747564	0.00040791091945747564	0.013842954325197143	.
2	mbd2	.	0.0005742015229197834	0.0005742015229197834	0.013842954325197143	.
2	znf740a+znf740b	.	0.0007611388424636632	0.0007611388424636632	0.01727199680975236	.
2	klf12b	.	0.0009099070669970964	0.0009099070669970964	0.01988315442697359	.
2	snai1a	.	0.0009512624438955686	0.0009512624438955686	0.020044458639228054	.
2	AL807792.3+atoh1a+atoh1b+atoh1c+bloc1s2	.	0.0010294220415560467	0.0010294220415560467	0.02094341394889888	.
2	zic4+zic6	.	0.0010767211505764618	0.0010767211505764618	0.021175515961337082	.
2	mycb	.	0.0012108206792784406	0.0012108206792784406	0.023044651637879998	.
2	hap1	.	0.0013060441663331282	0.0013060441663331282	0.023350486610198354	.
2	si:dkey-229b18.3+snai2	.	0.00129354112568896	0.00129354112568896	0.023350486610198354	.
2	CABZ01090890.1+atf6	.	0.0015606555057316926	0.0015606555057316926	0.02360991662517176	.
2	rcor1	.	0.001424361289174263	0.001424361289174263	0.02360991662517176	.
2	zbtb14	.	0.001555453576316466	0.001555453576316466	0.02360991662517176	.
2	foxn1	.	0.0015127364277193371	0.0015127364277193371	0.02360991662517176	.
2	myf6+ttf1.4	.	0.0013791678407370472	0.0013791678407370472	0.02360991662517176	.
2	klf4	.	0.001449945863724162	0.001449945863724162	0.02360991662517176	.
2	junba+junbb	.	0.001769687055622517	0.001769687055622517	0.026102884070432125	.
2	atf2	.	0.0019515957987181936	0.0019515957987181936	0.028083939542530103	.
2	myca+mych	.	0.0020135659971718543	0.0020135659971718543	0.02828580805550938	.
2	her12+her15.1+her15.2+her2+her4.1+her4.2+her4.3+her4.4	.	0.0024657900757274046	0.0024657900757274046	0.0330988223741896	.
2	tcf12	.	0.002468386753329394	0.002468386753329394	0.0330988223741896	.
2	myod1	.	0.0027498972068355164	0.0027498972068355164	0.033111007184346015	.
2	wt1a+wt1b	.	0.0027204715009361076	0.0027204715009361076	0.033111007184346015	.
2	creb3l2	.	0.002538107084510039	0.002538107084510039	0.033111007184346015	.
2	her1+her11+her5	.	0.002687824223366062	0.002687824223366062	0.033111007184346015	.
2	prox1a+prox2+prox3	.	0.0026251189717426847	0.0026251189717426847	0.033111007184346015	.
2	gcm2	.	0.003174670319944662	0.003174670319944662	0.037461109775347015	.
2	cebp1	.	0.003960913779794953	0.003960913779794953	0.0458223358839024	.
2	myog	.	0.004323053638451194	0.004323053638451194	0.049050031667042394	.
2	glis3	.	0.004446477725485218	0.004446477725485218	0.04949852562332601	.
2	TCF4	.	0.004649077587714255	0.004649077587714255	0.049871923213662	.
2	cxxc1a+cxxc1b+mbd1a+mbd1b	.	0.004597764765316824	0.004597764765316824	0.049871923213662	.
3	gmeb2	.	1.7417641472767179e-06	1.7417641472767179e-06	0.0010276408468932637	.
3	e4f1+si:dkeyp-79b7.12	.	1.7234307393936888e-05	1.7234307393936888e-05	0.005084120681211382	.
3	arnt2	.	4.7702066191986494e-05	4.7702066191986494e-05	0.007731138890831655	.
3	arnt	.	5.2414500954790884e-05	5.2414500954790884e-05	0.007731138890831655	.
3	mycn	.	0.00031239902129463396	0.00031239902129463396	0.023039427820479255	.
3	max+si:ch73-59f11.3	.	0.0002757527264466633	0.0002757527264466633	0.023039427820479255	.
3	usf1	.	0.00020105761477901948	0.00020105761477901948	0.023039427820479255	.
3	tfeb	.	0.0003096082567643176	0.0003096082567643176	0.023039427820479255	.
3	atf2	.	0.0004954362831872693	0.0004954362831872693	0.029520810472901258	.
3	tfdp1a+tfdp1b	.	0.0005003527198796824	0.0005003527198796824	0.029520810472901258	.
3	elf1	.	0.0005923280488325984	0.0005923280488325984	0.031770322619203005	.
3	mecp2	.	0.0007258258313584364	0.0007258258313584364	0.035686436708456455	.
5	sox10	.	4.625504880171034e-06	4.625504880171034e-06	0.001364523939650455	.
5	sox2	.	3.9319845116403764e-06	3.9319845116403764e-06	0.001364523939650455	.
5	gata1b+gata2a	.	1.7694037082110664e-05	1.7694037082110664e-05	0.0024062291983258546	.
5	sox19a+sox19b+sox3	.	1.446773655176283e-05	1.446773655176283e-05	0.0024062291983258546	.
5	sox6	.	2.039177286716826e-05	2.039177286716826e-05	0.0024062291983258546	.
5	lef1	.	2.8975504557428373e-05	2.8975504557428373e-05	0.0028492579481471233	.
5	sox12	.	0.00014388915743216305	0.00014388915743216305	0.00848946028849762	.
5	foxf1+foxf2a+foxf2b	.	0.00013557473161701408	0.00013557473161701408	0.00848946028849762	.
5	znf384l	.	0.00013928682759097667	0.00013928682759097667	0.00848946028849762	.
5	sox9a+sox9b	.	0.0001300666150891936	0.0001300666150891936	0.00848946028849762	.
5	gata6	.	0.000196728196930502	0.000196728196930502	0.009672469682416349	.
5	foxd3	.	0.00018222914997837906	0.00018222914997837906	0.009672469682416349	.
5	mef2ca+mef2cb	.	0.00022198685553031	0.00022198685553031	0.0100747880586833	.
5	irf5	.	0.00039028534446897194	0.00039028534446897194	0.01623140245034566	.
5	mef2d	.	0.0004401736257720857	0.0004401736257720857	0.01623140245034566	.
5	foxd1+foxd7	.	0.0004130985438610521	0.0004130985438610521	0.01623140245034566	.
5	foxg1b+si:rp71-45k5.2	.	0.00048649677915269326	0.00048649677915269326	0.016884299982358176	.
5	tcf7	.	0.0005175721068847212	0.0005175721068847212	0.01696486350344364	.
5	nfil3-5+nfil3-6+si:dkey-60d5.3	.	0.0006057704723550642	0.0006057704723550642	0.01881076729944673	.
5	si:ch1073-357b18.4	.	0.0006617583198426212	0.0006617583198426212	0.019521870435357323	.
5	sox5	.	0.001028889685698592	0.001028889685698592	0.02890690069343663	.
5	hoxd4a	.	0.0015809440116622707	0.0015809440116622707	0.04239804394912453	.
6	hoxb6a+hoxb6b	.	2.5904422644933296e-06	2.5904422644933296e-06	0.0015283609360510644	.
7	tfdp1a+tfdp1b	.	1.570903681583157e-06	1.570903681583157e-06	0.0009268331721340626	.
8	nfyal	.	1.6062017915392005e-12	1.6062017915392005e-12	9.476590570081282e-10	.
8	fosaa+fosab+fosl1a	.	6.101387050819377e-08	6.101387050819377e-08	1.7999091799917164e-05	.
8	gbx1	.	2.6190442591363186e-07	2.6190442591363186e-07	5.150787042968093e-05	.
8	msx1a	.	3.843212607286227e-07	3.843212607286227e-07	5.6687385957471855e-05	.
8	hoxb6a+hoxb6b	.	6.230218911962801e-07	6.230218911962801e-07	6.190771280418908e-05	.
8	en1b	.	7.344982875073279e-07	7.344982875073279e-07	6.190771280418908e-05	.
8	vsx1	.	6.55652182976605e-07	6.55652182976605e-07	6.190771280418908e-05	.
8	vsx2	.	9.280068152972864e-07	9.280068152972864e-07	6.844050262817487e-05	.
8	shox2	.	1.294609010301131e-06	1.294609010301131e-06	8.486881289751859e-05	.
8	en2a+en2b	.	2.161617122230108e-06	2.161617122230108e-06	0.00010627950850964698	.
8	rx3	.	1.8701710030924444e-06	1.8701710030924444e-06	0.00010627950850964698	.
8	shox	.	2.0072495974194336e-06	2.0072495974194336e-06	0.00010627950850964698	.
8	alx1	.	2.936845047558459e-06	2.936845047558459e-06	0.00013328758292765314	.
8	CR354582.1	.	3.344244641621299e-06	3.344244641621299e-06	0.00013573400128705503	.
8	uncx4.1	.	3.6809220688014924e-06	3.6809220688014924e-06	0.00013573400128705503	.
8	lhx2a	.	3.553623145964932e-06	3.553623145964932e-06	0.00013573400128705503	.
8	phox2ba	.	4.205470394783943e-06	4.205470394783943e-06	0.0001459545607601486	.
8	ybx1	.	4.59554120751053e-06	4.59554120751053e-06	0.00015063162846840072	.
8	nkx3.3-1	.	6.456415029388348e-06	6.456415029388348e-06	0.00020048867722837502	.
8	sox5	.	8.42281646944968e-06	8.42281646944968e-06	0.00021997701195790165	.
8	dlx2a+dlx2b	.	8.948217435575661e-06	8.948217435575661e-06	0.00021997701195790165	.
8	dlx4a+dlx4b+dlx6a	.	7.594198920328272e-06	7.594198920328272e-06	0.00021997701195790165	.
8	pou2f2a	.	8.273545303331776e-06	8.273545303331776e-06	0.00021997701195790165	.
8	hoxa13a+hoxa13b	.	8.917075529577812e-06	8.917075529577812e-06	0.00021997701195790165	.
8	si:dkey-43p13.5+uncx	.	1.0208112427185504e-05	1.0208112427185504e-05	0.00023920323863781983	.
8	mixl1+mxtx1+sebox	.	1.054115966878528e-05	1.054115966878528e-05	0.00023920323863781983	.
8	lhx6	.	1.3612027188907958e-05	1.3612027188907958e-05	0.0002974480015353961	.
8	dlx3b	.	1.5292623997990284e-05	1.5292623997990284e-05	0.0003007549386271423	.
8	hbp1	.	1.5289923655349232e-05	1.5289923655349232e-05	0.0003007549386271423	.
8	nfic	.	1.493674388328027e-05	1.493674388328027e-05	0.0003007549386271423	.
8	gsc	.	1.5952488489506734e-05	1.5952488489506734e-05	0.00030361187770351525	.
8	isl1+isl1l	.	1.7084855469318862e-05	1.7084855469318862e-05	0.0003150020227155665	.
8	sox13	.	2.0974090914472866e-05	2.0974090914472866e-05	0.00037499132241027245	.
8	nkx2.3+nkx2.7	.	2.2862286474693142e-05	2.2862286474693142e-05	0.0003967279123549692	.
8	eve1+evx1	.	2.487899663038604e-05	2.487899663038604e-05	0.00041311344554838107	.
8	hmx1+hmx3b	.	2.520692210125715e-05	2.520692210125715e-05	0.00041311344554838107	.
8	sox14+sox14-1	.	2.7041298068826376e-05	2.7041298068826376e-05	0.0004311990773137179	.
8	sox11a+sox11b	.	2.8637567153354232e-05	2.8637567153354232e-05	0.0004446359110652368	.
8	nkx3-2+nkx3.3-2	.	3.0419866184654548e-05	3.0419866184654548e-05	0.0004486930262236546	.
8	sox9a+sox9b	.	3.0081715734496385e-05	3.0081715734496385e-05	0.0004486930262236546	.
8	meox1	.	3.2508501017476985e-05	3.2508501017476985e-05	0.00046780525854418103	.
8	emx1	.	3.377487130995696e-05	3.377487130995696e-05	0.0004744565255446334	.
8	cebpg	.	3.764352501240119e-05	3.764352501240119e-05	0.000504765449029925	.
8	msx2b	.	3.694980257721626e-05	3.694980257721626e-05	0.000504765449029925	.
8	prrx1a+prrx1b	.	4.0058574975366914e-05	4.0058574975366914e-05	0.0005252124274548106	.
8	gbx2	.	4.585444753041924e-05	4.585444753041924e-05	0.0005881331313684207	.
8	klf12b	.	4.923855830134619e-05	4.923855830134619e-05	0.000618101051016899	.
8	hoxa4a+hoxc3a	.	5.560847197849086e-05	5.560847197849086e-05	0.0006835208014022834	.
8	nfia	.	5.7577349510292176e-05	5.7577349510292176e-05	0.0006932782900218854	.
8	bsx+nanog	.	8.249655114721045e-05	8.249655114721045e-05	0.0009725436309920384	.
8	hoxd4a	.	8.484632950122406e-05	8.484632950122406e-05	0.0009725436309920384	.
8	pbx4	.	8.571570985014576e-05	8.571570985014576e-05	0.0009725436309920384	.
8	drgx	.	9.016096485529362e-05	9.016096485529362e-05	0.0010036786653702498	.
8	pbx1a+pbx1b+pbx2+pbx3a+pbx3b	.	9.442366830215767e-05	9.442366830215767e-05	0.0010316660055235745	.
8	nfixa+nfixb	.	0.00010440361010706595	0.00010440361010706595	0.0011199659993303438	.
8	gfi1aa+gfi1ab	.	0.0001361566702916585	0.0001361566702916585	0.0014345077762871166	.
8	mnx1+mnx2a+mnx2b	.	0.00014053011061793984	0.00014053011061793984	0.001454609916922535	.
8	lmx1al	.	0.00014442800628426078	0.00014442800628426078	0.001469181443236446	.
8	onecut2	.	0.0001493005348098422	0.0001493005348098422	0.001493005348098422	.
8	hoxa5a	.	0.00015338476000022623	0.00015338476000022623	0.001508283473335558	.
8	lmx1ba+lmx1bb	.	0.00015986570925152795	0.00015986570925152795	0.0015462421058754345	.
8	barhl2	.	0.00016301193160133008	0.00016301193160133008	0.001551242574915883	.
8	arid5a+arid6+zgc:77151	.	0.00018652180352150068	0.00018652180352150068	0.0017467914932965938	.
8	meox2b	.	0.00019908595541239343	0.00019908595541239343	0.001835323651458002	.
8	mef2aa+mef2ab	.	0.0002095782640275927	0.0002095782640275927	0.0018747425266766602	.
8	dlx1a	.	0.0002097169606112874	0.0002097169606112874	0.0018747425266766602	.
8	hoxb2a	.	0.00021309842807154877	0.00021309842807154877	0.001876538396450952	.
8	ddit3	.	0.00025458304947108577	0.00025458304947108577	0.002208882340999126	.
8	gsx1	.	0.00027804695653594073	0.00027804695653594073	0.0023705243863745276	.
8	otx2b	.	0.0002812486560105372	0.0002812486560105372	0.0023705243863745276	.
8	ikzf1	.	0.0003312189681637258	0.0003312189681637258	0.0027523829748816652	.
8	sox19a+sox19b+sox3	.	0.0003806602515445574	0.0003806602515445574	0.003119299283490123	.
8	srfa+srfb	.	0.00038621746582121695	0.00038621746582121695	0.003121483627870109	.
8	zgc:101100	.	0.00041450406510358225	0.00041450406510358225	0.0032834235171854908	.
8	pou6f2	.	0.0004173843454049353	0.0004173843454049353	0.0032834235171854908	.
8	foxg1a+foxg1c+foxg1d+zgc:113424	.	0.0004390850701169494	0.0004390850701169494	0.0034086867285394755	.
8	nkx6.1	.	0.0004915593315964541	0.0004915593315964541	0.0037664935797650377	.
8	foxa3	.	0.0005625082685243694	0.0005625082685243694	0.004254870236274076	.
8	nkx2.5	.	0.0005908327980488652	0.0005908327980488652	0.004412548744921904	.
8	lhx8a+lhx8b	.	0.0006226639386794471	0.0006226639386794471	0.00448014297342529	.
8	hmx4	.	0.0006186957133697331	0.0006186957133697331	0.00448014297342529	.
8	cux2b	.	0.0006092804498715196	0.0006092804498715196	0.00448014297342529	.
8	onecut1+onecutl	.	0.0006949375861859867	0.0006949375861859867	0.004939917781322073	.
8	pou4f2	.	0.0007901592593793356	0.0007901592593793356	0.005484634859221271	.
8	pou3f1	.	0.0007901227712377509	0.0007901227712377509	0.005484634859221271	.
8	emx2+emx3	.	0.0008407803874046149	0.0008407803874046149	0.0057681445182409625	.
8	sox6	.	0.0010149806416929932	0.0010149806416929932	0.006808869410024248	.
8	dlx5a	.	0.0010155601831900573	0.0010155601831900573	0.006808869410024248	.
8	isl2a+isl2b	.	0.00104542163233659	0.00104542163233659	0.0069303231806582925	.
8	onecut3a+onecut3b	.	0.0010606058775662083	0.0010606058775662083	0.006952860752934032	.
8	si:ch1073-357b18.4	.	0.0011379762193748678	0.0011379762193748678	0.0072287630145287055	.
8	nkx2.2b	.	0.0011394490853409655	0.0011394490853409655	0.0072287630145287055	.
8	otx2a	.	0.0011312050221006609	0.0011312050221006609	0.0072287630145287055	.
8	hoxc9a	.	0.0011894386349200487	0.0011894386349200487	0.007465625474498178	.
8	sox2	.	0.00124272090275883	0.00124272090275883	0.007638311815150231	.
8	hoxb8a+hoxb8b	.	0.0012428439563634275	0.0012428439563634275	0.007638311815150231	.
8	ddx28+nfatc1+nfatc2b+nfatc3a+nfatc3b+nfatc4	.	0.0012806607941644687	0.0012806607941644687	0.007735455094537362	.
8	arxb	.	0.001284872202143494	0.001284872202143494	0.007735455094537362	.
8	cebp1	.	0.0013365836856943413	0.0013365836856943413	0.007936489426748263	.
8	otx1	.	0.0013451676994488582	0.0013451676994488582	0.007936489426748263	.
8	sox8a+sox8b	.	0.001389019103498541	0.001389019103498541	0.00809326521700562	.
8	pdx1	.	0.00139917466463487	0.00139917466463487	0.00809326521700562	.
8	vox	.	0.001608026393307378	0.001608026393307378	0.00921102497137236	.
8	atf4a+atf4b	.	0.0016256708835439297	0.0016256708835439297	0.00922255597395114	.
8	cebpa	.	0.0016944218312014729	0.0016944218312014729	0.009521036956274941	.
8	hoxc11a	.	0.0017272920631647244	0.0017272920631647244	0.009614172804407429	.
8	gli2a+gli3	.	0.0018511027772425673	0.0018511027772425673	0.010207015313767429	.
8	hoxb10a+hoxc10a	.	0.00195752884492074	0.00195752884492074	0.010693907578733673	.
8	gata3	.	0.0020000253516035673	0.0020000253516035673	0.010825825297670686	.
8	pitx1+pitx3	.	0.002023428067716383	0.002023428067716383	0.010852932363206055	.
8	mef2d	.	0.00212226955757291	0.00212226955757291	0.011280531882594747	.
8	gata6	.	0.002322911501375086	0.002322911501375086	0.012236765944743757	.
8	gata5	.	0.0023632843989237987	0.0023632843989237987	0.01223858431009389	.
8	e2f8	.	0.002364743409068989	0.002364743409068989	0.01223858431009389	.
8	hoxb1a+hoxb1b-2	.	0.002416991729791967	0.002416991729791967	0.012400218439802265	.
8	homeza+homezb+pgm3	.	0.0025481648490771336	0.0025481648490771336	0.012754381162262358	.
8	mef2ca+mef2cb	.	0.002550876232452472	0.002550876232452472	0.012754381162262358	.
8	foxi1+foxi2+foxi3a+foxi3b	.	0.0025415915325212764	0.0025415915325212764	0.012754381162262358	.
8	pou1f1	.	0.0026449158449011762	0.0026449158449011762	0.01311344830665289	.
8	hmbox1a+zgc:91944	.	0.002677824809853865	0.002677824809853865	0.013165971981781504	.
8	cebpd	.	0.002713694608852273	0.002713694608852273	0.013232064621676372	.
8	yy1a+yy1b	.	0.0028160387085671423	0.0028160387085671423	0.013618547852906672	.
8	lhx3+lhx4	.	0.0030026219822320635	0.0030026219822320635	0.014402820890381442	.
8	cebpb	.	0.0030322911379371408	0.0030322911379371408	0.01440537078544059	.
8	hoxa2b	.	0.0030519853358984303	0.0030519853358984303	0.01440537078544059	.
8	tead1b	.	0.003090596158039342	0.003090596158039342	0.014471839152723905	.
8	vax2	.	0.0031588705597651707	0.0031588705597651707	0.014675067954814571	.
8	hoxa11b	.	0.0032850860529888425	0.0032850860529888425	0.015142193525495446	.
8	nr1d2a	.	0.003387419180368401	0.003387419180368401	0.015453954586799755	.
8	sox10	.	0.0034051086377694375	0.0034051086377694375	0.015453954586799755	.
8	nfatc2a	.	0.003441986740269207	0.003441986740269207	0.015502077685181923	.
8	gata4	.	0.0034991112179157216	0.0034991112179157216	0.015639966807350573	.
8	pitx2	.	0.003564008931460471	0.003564008931460471	0.015692278131057297	.
8	hoxa9a+hoxa9b	.	0.0035586428545254746	0.0035586428545254746	0.015692278131057297	.
8	CT573494.3+tead1a	.	0.00368242004904489	0.00368242004904489	0.016093539473603594	.
8	nkx2.2a	.	0.003799423929268005	0.003799423929268005	0.016482794987265608	.
8	hoxc11b	.	0.004004911483683414	0.004004911483683414	0.017247429017322735	.
8	e2f5	.	0.004241799873995782	0.004241799873995782	0.018135231345344286	.
8	foxj2	.	0.004405379172906973	0.004405379172906973	0.018565526514393672	.
8	barx2	.	0.004404460769990527	0.004404460769990527	0.018565526514393672	.
8	sp8a+sp8b	.	0.004477441884500879	0.004477441884500879	0.018735395119542687	.
8	nkx2.4a+nkx2.4b	.	0.004776971948315523	0.004776971948315523	0.019847982038775764	.
8	en1a	.	0.0048796326895017795	0.0048796326895017795	0.020132750257384965	.
8	barhl1a+barhl1b	.	0.00514566156677391	0.00514566156677391	0.021082918919420882	.
8	e2f2	.	0.005250300406609592	0.005250300406609592	0.02136329130965282	.
8	gata1b+gata2a	.	0.005592406326011515	0.005592406326011515	0.02259945022155338	.
8	fli1b	.	0.005699879214553103	0.005699879214553103	0.02287706623528116	.
8	bhlha15	.	0.005915055912674511	0.005915055912674511	0.02358029046268893	.
8	hoxb4a	.	0.006048523554986443	0.006048523554986443	0.023950529513033565	.
8	hlx1	.	0.006222941260628959	0.006222941260628959	0.024476902291807236	.
8	gata1a+gata2b	.	0.006366838392480419	0.006366838392480419	0.02487705067260561	.
8	zbtb18+zbtb42	.	0.006574140130177833	0.006574140130177833	0.025454410992693046	.
8	tead3a+tead3b	.	0.006600889630308536	0.006600889630308536	0.025454410992693046	.
8	tfcp2+tfcp2l1+ubp1	.	0.006835058057367552	0.006835058057367552	0.026186261388615947	.
8	hoxa1a+hoxb1b-1+hoxc1a	.	0.007055801385993209	0.007055801385993209	0.026857566566038667	.
8	bhlhe22	.	0.007281788705073613	0.007281788705073613	0.027364683668747974	.
8	hoxd11a	.	0.007241931167850413	0.007241931167850413	0.027364683668747974	.
8	egr2a+egr2b	.	0.007381920814301127	0.007381920814301127	0.02756540050909914	.
8	foxh1+foxq1a+foxq1b+imp3	.	0.007522210517871533	0.007522210517871533	0.02791260506631575	.
8	olig1	.	0.007665940769240835	0.007665940769240835	0.02826815658657558	.
8	smad1	.	0.007829462089912887	0.007829462089912887	0.028691817596575176	.
8	sox21a+sox21b	.	0.008225597982393867	0.008225597982393867	0.029957424750693715	.
8	mitfa+mitfb	.	0.008360148709981452	0.008360148709981452	0.030260660974779488	.
8	crx+otx5	.	0.008473268737661868	0.008473268737661868	0.030483100946466477	.
8	sox1a+sox1b	.	0.008550808100349448	0.008550808100349448	0.03057561684367378	.
8	bhlhe23+si:ch211-196c10.13	.	0.00878341320601071	0.00878341320601071	0.031218155370760958	.
8	lef1	.	0.008920360847244848	0.008920360847244848	0.031515047304637486	.
8	nr4a1	.	0.008994957198918647	0.008994957198918647	0.031542245324082334	.
8	foxb1a	.	0.009034982135203245	0.009034982135203245	0.031542245324082334	.
8	zic2a+zic2b	.	0.009388416112296205	0.009388416112296205	0.03258332650738095	.
8	hoxd10a	.	0.009724427528718112	0.009724427528718112	0.03345100339844153	.
8	foxm1	.	0.00975181793988465	0.00975181793988465	0.03345100339844153	.
8	phox2a	.	0.010030284980401264	0.010030284980401264	0.03420733027998119	.
8	irf4a+irf4b	.	0.011033876521279472	0.011033876521279472	0.037199926557456506	.
8	klf4	.	0.011013115327117415	0.011013115327117415	0.037199926557456506	.
8	neurod1	.	0.011846305196417129	0.011846305196417129	0.039712045828898326	.
8	foxd3	.	0.011993175660553943	0.011993175660553943	0.03997725220184648	.
8	maff+mafga+mafgb	.	0.012250184217902414	0.012250184217902414	0.040234296837724684	.
8	noto+vax1+vent	.	0.012177181178037984	0.012177181178037984	0.040234296837724684	.
8	tcf7	.	0.012274870221678717	0.012274870221678717	0.040234296837724684	.
8	foxa	.	0.012513523823739934	0.012513523823739934	0.04028426081354877	.
8	nr5a1a+nr5a2+nr5a5	.	0.012523124851222537	0.012523124851222537	0.04028426081354877	.
8	sox4a+sox4b	.	0.012563227101174534	0.012563227101174534	0.04028426081354877	.
8	hoxd3a	.	0.012559094028862943	0.012559094028862943	0.04028426081354877	.
8	olig2+olig4	.	0.013033323874083971	0.013033323874083971	0.04146483776720639	.
8	erf+erfl3	.	0.01307196580457693	0.01307196580457693	0.04146483776720639	.
8	znf740a+znf740b	.	0.013382673686385156	0.013382673686385156	0.04222340895704408	.
8	nfe2l1b+nfe2l2b	.	0.013808479806500407	0.013808479806500407	0.04333512279699595	.
8	bcl11aa+znf296	.	0.014722932246035146	0.014722932246035146	0.045960476323601784	.
8	zbtb47b+znf652	.	0.015021430089891851	0.015021430089891851	0.046525593809038715	.
8	olig3	.	0.015061675283943043	0.015061675283943043	0.046525593809038715	.
8	gsx2+pnx	.	0.01537917224585304	0.01537917224585304	0.04725891471381923	.
8	pou3f2a+pou3f2b+pou3f3a+pou3f3b	.	0.015721539705405532	0.015721539705405532	0.048060665420669765	.
8	SPDEF	.	0.015814020851775554	0.015814020851775554	0.0480941871265339	.
8	dbpa+dbpb+hlfa	.	0.01602633428084087	0.01602633428084087	0.0484899344907493	.
9	myb	.	2.194104533759868e-05	2.194104533759868e-05	0.012945216749183221	.
9	mybl2a	.	6.328343253213267e-05	6.328343253213267e-05	0.018668612596979137	.
10	mybl2a	.	5.8736908510177175e-06	5.8736908510177175e-06	0.0034654776021004535	.
10	myb	.	1.5229089790223384e-05	1.5229089790223384e-05	0.004492581488115898	.
10	sox10	.	0.00023415230580973472	0.00023415230580973472	0.035124492261575206	.
10	hbp1	.	0.0002381321509259336	0.0002381321509259336	0.035124492261575206	.
10	nkx2.3+nkx2.7	.	0.0004746584522472024	0.0004746584522472024	0.046674747804308234	.
10	bsx+nanog	.	0.0004112520219433843	0.0004112520219433843	0.046674747804308234	.
11	znf740a+znf740b	.	8.443683331619473e-08	8.443683331619473e-08	4.981773165655489e-05	.
11	klf12b	.	1.0400488248536152e-05	1.0400488248536152e-05	0.0030681440333181647	.
11	tfdp1a+tfdp1b	.	4.261678008335888e-05	4.261678008335888e-05	0.008381300083060579	.
11	egr1	.	0.00011769255835398724	0.00011769255835398724	0.009105213264790116	.
11	zic3	.	0.00011909441540465101	0.00011909441540465101	0.009105213264790116	.
11	e2f7	.	0.00012346051884461174	0.00012346051884461174	0.009105213264790116	.
11	zic2a+zic2b	.	7.455091545895205e-05	7.455091545895205e-05	0.009105213264790116	.
11	yy1a+yy1b	.	0.00011470443537231604	0.00011470443537231604	0.009105213264790116	.
11	klf5l+klf6a+klf6b	.	0.00016162842046131163	0.00016162842046131163	0.010595640896908207	.
11	hinfp	.	0.0004714376524907201	0.0004714376524907201	0.02248674292789384	.
11	hic1l+hic2	.	0.0004954706068857964	0.0004954706068857964	0.02248674292789384	.
11	rcor1	.	0.00047691031503494235	0.00047691031503494235	0.02248674292789384	.
11	mespaa+mespab+mespba+mespbb	.	0.0004696578091128022	0.0004696578091128022	0.02248674292789384	.
11	ikzf1	.	0.000553473339664378	0.000553473339664378	0.022726404067576485	.
11	klf4	.	0.0005777899339214361	0.0005777899339214361	0.022726404067576485	.
11	gata3	.	0.000656852132387654	0.000656852132387654	0.02401502465517051	.
11	tcf12	.	0.0006919583375218622	0.0006919583375218622	0.02401502465517051	.
11	TCF4	.	0.0010691208122160377	0.0010691208122160377	0.031539063960373113	.
11	mgaa	.	0.0010436376304669278	0.0010436376304669278	0.031539063960373113	.
11	rsl1d1+sp3a	.	0.0009756673655387146	0.0009756673655387146	0.031539063960373113	.
11	rbpjb	.	0.001460488053505576	0.001460488053505576	0.035903664648678744	.
11	si:ch211-69l10.4+tbx15	.	0.0014313567468233045	0.0014313567468233045	0.035903664648678744	.
11	tbx4	.	0.0013068504039747163	0.0013068504039747163	0.035903664648678744	.
11	tbx5a+tbx5b	.	0.0014161553974727657	0.0014161553974727657	0.035903664648678744	.
11	snai1a	.	0.0015565130595352559	0.0015565130595352559	0.036733708205032044	.
11	id4	.	0.0017585230086900575	0.0017585230086900575	0.03990494519719746	.
11	snai1b+snai3	.	0.0022388485288012783	0.0022388485288012783	0.048922986370102006	.
11	sp1	.	0.0024270091478902703	0.0024270091478902703	0.04937708266397446	.
11	mta3	.	0.0023631021765977873	0.0023631021765977873	0.04937708266397446	.
11	tbx1	.	0.00251974336549775	0.00251974336549775	0.04955495285478909	.
12	znf740a+znf740b	.	1.5397935878853192e-10	1.5397935878853192e-10	9.084782168523383e-08	.
12	klf5l+klf6a+klf6b	.	6.058851475033241e-06	6.058851475033241e-06	0.001787361185134806	.
12	zic3	.	0.00011855628701182841	0.00011855628701182841	0.02331606977899292	.
12	hic1l+hic2	.	0.00018490069200022735	0.00018490069200022735	0.027272852070033535	.
12	ikzf1	.	0.00023161194247805258	0.00023161194247805258	0.027330209212410205	.
12	klf12b	.	0.0003073253112525003	0.0003073253112525003	0.02770610568221543	.
12	rbpjb	.	0.00032871650809408135	0.00032871650809408135	0.02770610568221543	.
13	hoxc12a+hoxc12b	.	3.369667094472978e-05	3.369667094472978e-05	0.017111488552039464	.
13	hoxc13a	.	5.800504593911683e-05	5.800504593911683e-05	0.017111488552039464	.
13	nfia	.	0.00017858575125706265	0.00017858575125706265	0.03512186441388899	.
16	pparab	.	7.71623418986007e-05	7.71623418986007e-05	0.005722837229202131	.
16	yy1a+yy1b	.	5.5467464765247585e-05	5.5467464765247585e-05	0.005722837229202131	.
16	sp8a+sp8b	.	5.2589664355488144e-05	5.2589664355488144e-05	0.005722837229202131	.
16	CABZ01079241.1+zfx+znf711	.	1.1599831862559414e-05	1.1599831862559414e-05	0.005722837229202131	.
16	sp1	.	7.759779293833398e-05	7.759779293833398e-05	0.005722837229202131	.
16	klf5l+klf6a+klf6b	.	4.9886332116732075e-05	4.9886332116732075e-05	0.005722837229202131	.
16	klf4	.	6.091218724540342e-05	6.091218724540342e-05	0.005722837229202131	.
16	hic1l+hic2	.	3.4890241472669015e-05	3.4890241472669015e-05	0.005722837229202131	.
16	rsl1d1+sp3a	.	0.00011207635784308976	0.00011207635784308976	0.007347227903046995	.
16	esr1+esr2a+esr2b	.	0.00013683155886230362	0.00013683155886230362	0.008073061972875913	.
16	rargb	.	0.00035032126711621094	0.00035032126711621094	0.018789958872596768	.
16	tfdp1a+tfdp1b	.	0.0004115694383215113	0.0004115694383215113	0.02023549738414097	.
16	nr4a2a	.	0.0008682598546251878	0.0008682598546251878	0.03940563955606622	.
17	pax2a+pax5	.	5.957341210825544e-05	5.957341210825544e-05	0.03514831314387071	.
17	tal1	.	0.00014755908245435475	0.00014755908245435475	0.04352992932403465	.
18	esr1+esr2a+esr2b	.	4.6732025006820885e-07	4.6732025006820885e-07	0.0002757189475402432	.
18	gata4	.	0.0001069436141476275	0.0001069436141476275	0.03154836617355011	.
18	pax2a+pax5	.	0.0002201644903291148	0.0002201644903291148	0.03247426232354443	.
18	maff+mafga+mafgb	.	0.00017979354850382887	0.00017979354850382887	0.03247426232354443	.
19	hoxb6a+hoxb6b	.	9.89097205668766e-07	9.89097205668766e-07	0.000583567351344572	.
21	e4f1+si:dkeyp-79b7.12	.	1.2621453873733955e-09	1.2621453873733955e-09	7.446657785503033e-07	.
21	junba+junbb	.	6.262144535581988e-09	6.262144535581988e-09	1.8473326379966865e-06	.
21	CABZ01090890.1+atf6	.	2.558214088465443e-08	2.558214088465443e-08	3.382803722491659e-06	.
21	atf2	.	2.8667828156708977e-08	2.8667828156708977e-08	3.382803722491659e-06	.
21	gmeb2	.	2.2151689557770126e-08	2.2151689557770126e-08	3.382803722491659e-06	.
21	usf1	.	1.526687208920106e-07	1.526687208920106e-07	1.5012424221047708e-05	.
21	tfeb	.	2.568921913796895e-07	2.568921913796895e-07	2.1652341844859544e-05	.
21	xbp1	.	3.5180695050316015e-07	3.5180695050316015e-07	2.594576259960806e-05	.
21	max+si:ch73-59f11.3	.	7.171577274284638e-07	7.171577274284638e-07	4.701367324253263e-05	.
21	usf2	.	1.239306032369839e-06	1.239306032369839e-06	7.31190559098205e-05	.
21	arnt	.	1.4560888909100302e-06	1.4560888909100302e-06	7.809931323971979e-05	.
21	mxi1	.	6.024840131650054e-06	6.024840131650054e-06	0.0002962213064727943	.
21	mycn	.	1.847806739824564e-05	1.847806739824564e-05	0.0008386199819203791	.
21	arnt2	.	8.43174442917474e-05	8.43174442917474e-05	0.003553378009437926	.
21	nfil3-5+nfil3-6+si:dkey-60d5.3	.	0.00012159789631499134	0.00012159789631499134	0.00478285058838966	.
21	atf3	.	0.00017348402991780321	0.00017348402991780321	0.0063972236032189935	.
21	hinfp	.	0.0002130347739877343	0.0002130347739877343	0.007393559803103719	.
21	tfe3a+tfe3b	.	0.000517183474385404	0.000517183474385404	0.016952124993743798	.
21	pax2b	.	0.0006789601571453821	0.0006789601571453821	0.02108349961661976	.
22	klf12b	.	9.689180649618738e-05	9.689180649618738e-05	0.01905538861091685	.
22	arnt2	.	5.699256579331824e-05	5.699256579331824e-05	0.01905538861091685	.
22	tfdp1a+tfdp1b	.	9.333188106487917e-05	9.333188106487917e-05	0.01905538861091685	.
23	hoxb6a+hoxb6b	.	1.879563875605476e-05	1.879563875605476e-05	0.011089426866072307	.
23	nfe2l1b+nfe2l2b	.	5.797661440672699e-05	5.797661440672699e-05	0.017103101249984463	.
23	maff+mafga+mafgb	.	9.09343983627272e-05	9.09343983627272e-05	0.017883765011336348	.
23	lhx2a	.	0.0003252874022279635	0.0003252874022279635	0.02071799528998368	.
23	nkx6.1	.	0.0004213829550505155	0.0004213829550505155	0.02071799528998368	.
23	isl1+isl1l	.	0.00034258231216019675	0.00034258231216019675	0.02071799528998368	.
23	dlx4a+dlx4b+dlx6a	.	0.00019922956216069689	0.00019922956216069689	0.02071799528998368	.
23	nkx2.3+nkx2.7	.	0.0004003749645751197	0.0004003749645751197	0.02071799528998368	.
23	shox	.	0.00038704149210843183	0.00038704149210843183	0.02071799528998368	.
23	dlx2a+dlx2b	.	0.00019171847140087155	0.00019171847140087155	0.02071799528998368	.
23	bsx+nanog	.	0.00026427401338493026	0.00026427401338493026	0.02071799528998368	.
23	msx1a	.	0.0003252060454151953	0.0003252060454151953	0.02071799528998368	.
23	si:dkey-43p13.5+uncx	.	0.0004688132030437618	0.0004688132030437618	0.02127690690737073	.
23	shox2	.	0.0005407802641747225	0.0005407802641747225	0.022790025418791878	.
23	lmx1ba+lmx1bb	.	0.0006633404973080281	0.0006633404973080281	0.026091392894115772	.
23	meox2b	.	0.0010151869172040013	0.0010151869172040013	0.033275571175020044	.
23	vsx1	.	0.0009937245011290504	0.0009937245011290504	0.033275571175020044	.
23	msx2b	.	0.0009841769966717083	0.0009841769966717083	0.033275571175020044	.
23	pax2b	.	0.001219055767722759	0.001219055767722759	0.037854889629285675	.
23	uncx4.1	.	0.001437400811761734	0.001437400811761734	0.042403323946971154	.
23	hoxd4a	.	0.0018092416330756371	0.0018092416330756371	0.04447719014644275	.
23	tgif1	.	0.0017561842881913471	0.0017561842881913471	0.04447719014644275	.
23	lmx1al	.	0.001786298514800665	0.001786298514800665	0.04447719014644275	.
23	si:ch211-153j24.3	.	0.001640387305318364	0.001640387305318364	0.04447719014644275	.
24	sp1	.	4.667356508571668e-12	4.667356508571668e-12	2.7537403400572842e-09	.
24	patz1	.	1.9235989456617574e-11	1.9235989456617574e-11	5.674616889702184e-09	.
24	znf740a+znf740b	.	2.800628448981406e-10	2.800628448981406e-10	5.507902616330098e-08	.
24	klf5l+klf6a+klf6b	.	6.222686508355075e-08	6.222686508355075e-08	9.178462599823737e-06	.
24	rsl1d1+sp3a	.	1.5449969223530693e-07	1.5449969223530693e-07	1.5923389402248185e-05	.
24	plag1+plagx	.	1.6193277358218496e-07	1.6193277358218496e-07	1.5923389402248185e-05	.
24	wt1a+wt1b	.	2.671925168253163e-07	2.671925168253163e-07	2.252051213241952e-05	.
24	e2f6	.	3.696370806139175e-07	3.696370806139175e-07	2.7260734695276415e-05	.
24	klf4	.	4.501579547206356e-07	4.501579547206356e-07	2.951035480946389e-05	.
24	sp8a+sp8b	.	5.445113900529974e-07	5.445113900529974e-07	3.212617201312685e-05	.
24	zic2a+zic2b	.	3.2508692081431394e-06	3.2508692081431394e-06	0.00017436480298222294	.
24	prdm2a	.	3.7233369903978125e-06	3.7233369903978125e-06	0.0001830640686945591	.
24	tfdp1a+tfdp1b	.	6.02387157039653e-06	6.02387157039653e-06	0.0002733910943487656	.
24	zbtb7a+zbtb7c	.	8.57013486393153e-06	8.57013486393153e-06	0.00036116996926568594	.
24	egr2a+egr2b	.	1.664718382194811e-05	1.664718382194811e-05	0.000654789230329959	.
24	egr1	.	3.5528616201686854e-05	3.5528616201686854e-05	0.0012330519740585437	.
24	zic3	.	3.404755540494387e-05	3.404755540494387e-05	0.0012330519740585437	.
24	e2f1	.	4.840668968137065e-05	4.840668968137065e-05	0.001586663717333816	.
24	gli2a+gli3	.	6.625238067451158e-05	6.625238067451158e-05	0.001954445229898092	.
24	hinfp	.	6.374016560057752e-05	6.374016560057752e-05	0.001954445229898092	.
24	rcor1	.	0.00011206802133559342	0.00011206802133559342	0.00314857774228572	.
24	zbtb14	.	0.00022151974339121652	0.00022151974339121652	0.005940756754582625	.
24	ikzf1	.	0.00023271839543111033	0.00023271839543111033	0.005969732752363265	.
24	mta3	.	0.0002682811651223183	0.0002682811651223183	0.006595245309256991	.
24	tfap2d	.	0.00030234571104128464	0.00030234571104128464	0.007135358780574318	.
24	snai1b+snai3	.	0.0007055826799357715	0.0007055826799357715	0.016011299275465584	.
24	myb	.	0.0008042136198076941	0.0008042136198076941	0.017573556877279243	.
24	ets2	.	0.0010577602745611102	0.0010577602745611102	0.02228852007110911	.
24	srebf2	.	0.0011817934757378753	0.0011817934757378753	0.024043384506391256	.
24	e2f8	.	0.001263702629286801	0.001263702629286801	0.024852818375973754	.
24	mbd2	.	0.0013351996907953912	0.0013351996907953912	0.025411865082880025	.
24	snai1a	.	0.001551669663584765	0.001551669663584765	0.028608909422344102	.
24	si:dkey-229b18.3+snai2	.	0.0022921017361943593	0.0022921017361943593	0.04098000073802036	.
24	mecp2	.	0.0023674712877679847	0.0023674712877679847	0.04108258999362091	.
24	etv2	.	0.002485132511629268	0.002485132511629268	0.04189223376746481	.
24	klf12b	.	0.002944388856068893	0.002944388856068893	0.04825526180779575	.
25	lef1	.	4.272468635613782e-08	4.272468635613782e-08	2.5207564950121313e-05	.
25	sox2	.	1.093124159067436e-06	1.093124159067436e-06	0.00021498108461659573	.
25	sox19a+sox19b+sox3	.	9.144574853922522e-07	9.144574853922522e-07	0.00021498108461659573	.
25	si:ch1073-357b18.4	.	1.3137010583355438e-05	1.3137010583355438e-05	0.0015501672488359417	.
25	sox10	.	1.169509534286163e-05	1.169509534286163e-05	0.0015501672488359417	.
25	nfic	.	0.0001211122710496146	0.0001211122710496146	0.011909373319878768	.
25	smad10a+smad4a	.	0.00017022778775980382	0.00017022778775980382	0.014347770682612037	.
25	runx2a+runx2b	.	0.0003358851014199622	0.0003358851014199622	0.024771526229722212	.
25	sox9a+sox9b	.	0.0005642003111481283	0.0005642003111481283	0.03698646484193285	.
27	patz1	.	3.1739802932458454e-06	3.1739802932458454e-06	0.0006242161243383495	.
27	esr1+esr2a+esr2b	.	2.2489106137939473e-06	2.2489106137939473e-06	0.0006242161243383495	.
27	klf5l+klf6a+klf6b	.	1.9349882154438718e-06	1.9349882154438718e-06	0.0006242161243383495	.
27	glis3	.	6.359714181417085e-06	6.359714181417085e-06	0.00093805784175902	.
27	znf423	.	8.745107084905779e-06	8.745107084905779e-06	0.0010319226360188819	.
27	insm1a+insm1b	.	1.458135415221723e-05	1.458135415221723e-05	0.0014338331583013608	.
27	pparab	.	4.7486144743995055e-05	4.7486144743995055e-05	0.004002403628422441	.
27	rargb	.	8.147831196678224e-05	8.147831196678224e-05	0.00600902550755019	.
27	roraa+rorab	.	0.0001343031823177815	0.0001343031823177815	0.006639168495066425	.
27	plag1+plagx	.	0.000124618338351311	0.000124618338351311	0.006639168495066425	.
27	CABZ01079241.1+zfx+znf711	.	0.000137576818031914	0.000137576818031914	0.006639168495066425	.
27	rorc	.	0.00014628676345061615	0.00014628676345061615	0.006639168495066425	.
27	tfdp1a+tfdp1b	.	0.00012305046768220984	0.00012305046768220984	0.006639168495066425	.
27	sp1	.	0.00016032023101038973	0.00016032023101038973	0.00675635259258071	.
27	klf4	.	0.00020323707497988704	0.00020323707497988704	0.007993991615875558	.
27	her12+her15.1+her15.2+her2+her4.1+her4.2+her4.3+her4.4	.	0.00026209756769894377	0.00026209756769894377	0.009664847808898551	.
27	fosl2l	.	0.00031755520980858285	0.00031755520980858285	0.009860924936161258	.
27	thraa+thrab	.	0.0003006386169307257	0.0003006386169307257	0.009860924936161258	.
27	creb3l1	.	0.0003080274035175848	0.0003080274035175848	0.009860924936161258	.
27	zic4+zic6	.	0.0003732237622170592	0.0003732237622170592	0.010012085307933617	.
27	fosl2	.	0.00037333199453311794	0.00037333199453311794	0.010012085307933617	.
27	hey2	.	0.0003545377080214178	0.0003545377080214178	0.010012085307933617	.
27	nr2f1a	.	0.00041523562380585345	0.00041523562380585345	0.010207875751893896	.
27	znf740a+znf740b	.	0.0004124796937088108	0.0004124796937088108	0.010207875751893896	.
27	gcm2	.	0.0004809718096587972	0.0004809718096587972	0.01061330451083958	.
27	ebf1b	.	0.00045167244447828845	0.00045167244447828845	0.01061330451083958	.
27	tfap2d	.	0.0005396595513986227	0.0005396595513986227	0.01061330451083958	.
27	smarcc1a+smarcc1b	.	0.0005320781996994892	0.0005320781996994892	0.01061330451083958	.
27	zbtb7a+zbtb7c	.	0.0005219458757494646	0.0005219458757494646	0.01061330451083958	.
27	gli1+gli2b	.	0.0005289107878534198	0.0005289107878534198	0.01061330451083958	.
27	ebf3a-1+si:ch211-51e8.2	.	0.0005772118924508553	0.0005772118924508553	0.010985645695032407	.
27	her1+her11+her5	.	0.0006089035527418747	0.0006089035527418747	0.011226659253678314	.
27	hey1+heyl	.	0.0006308282760677377	0.0006308282760677377	0.011278444935756523	.
27	vdrb	.	0.0006703744548013721	0.0006703744548013721	0.01163296848037675	.
27	zic2a+zic2b	.	0.0007343261660717344	0.0007343261660717344	0.012378641085209236	.
27	ebf3a-2+ebf3b	.	0.0008355089849873244	0.0008355089849873244	0.013693063920625595	.
27	prdm14	.	0.0009310904975375024	0.0009310904975375024	0.01484711874451693	.
27	arntl1a+arntl1b	.	0.000981131100902915	0.000981131100902915	0.01514620844064964	.
27	nr2c1	.	0.001001190049466671	0.001001190049466671	0.01514620844064964	.
27	tfap2b	.	0.0011553684201985324	0.0011553684201985324	0.017041684197928352	.
27	nr4a2a	.	0.0012387618527285064	0.0012387618527285064	0.01782608519780046	.
27	klf12b	.	0.001539509041689515	0.001539509041689515	0.021626436538019378	.
27	tbx5a+tbx5b	.	0.0015907820545221882	0.0015907820545221882	0.02182700958530444	.
27	SPDEF	.	0.0017490530315216089	0.0017490530315216089	0.0234532111044943	.
27	klf12a	.	0.0018525373875594921	0.0018525373875594921	0.023915236666043657	.
27	gatad2ab+jun	.	0.001864577773962726	0.001864577773962726	0.023915236666043657	.
27	creb3l2	.	0.001924026268333205	0.001924026268333205	0.02415267017694874	.
27	mecp2	.	0.002096950205961933	0.002096950205961933	0.02474401243035081	.
27	pax2b	.	0.0020835815657955885	0.0020835815657955885	0.02474401243035081	.
27	sp8a+sp8b	.	0.0020443548232845603	0.0020443548232845603	0.02474401243035081	.
27	tfeb	.	0.0021833204047118316	0.0021833204047118316	0.025258020368234914	.
27	mafk	.	0.002627003407723852	0.002627003407723852	0.029806384818405245	.
27	fosl1b+jdp2a	.	0.0027713666649539937	0.0027713666649539937	0.030751759282481885	.
27	hap1	.	0.00281456779873563	0.00281456779873563	0.030751759282481885	.
27	usf2	.	0.0028742788097115145	0.0028742788097115145	0.030833172685996245	.
27	prdm4	.	0.003248724591579066	0.003248724591579066	0.03362714928125699	.
27	nkx2.1	.	0.0032415113117505775	0.0032415113117505775	0.03362714928125699	.
27	usf1l	.	0.003521310472003067	0.003521310472003067	0.03477550552666963	.
27	nr2f2	.	0.003536492087457928	0.003536492087457928	0.03477550552666963	.
27	esrrd+esrrga	.	0.003506648073185748	0.003506648073185748	0.03477550552666963	.
27	arnt	.	0.003711004765669547	0.003711004765669547	0.035699488215747165	.
27	nr4a3	.	0.0037514716430107195	0.0037514716430107195	0.035699488215747165	.
27	esrra+esrrgb	.	0.003992229330188937	0.003992229330188937	0.03738754452081703	.
27	twist1a+twist1b+twist3	.	0.004183842036922922	0.004183842036922922	0.03740101214825037	.
27	usf1	.	0.004124180903035007	0.004124180903035007	0.03740101214825037	.
27	tfap2a+tfap2c	.	0.004177325428780539	0.004177325428780539	0.03740101214825037	.
27	atf3	.	0.004713334060621822	0.004713334060621822	0.03753310770822536	.
27	rsl1d1+sp3a	.	0.004643002199676906	0.004643002199676906	0.03753310770822536	.
27	wt1a+wt1b	.	0.004521628013673075	0.004521628013673075	0.03753310770822536	.
27	snai1a	.	0.004771157759520173	0.004771157759520173	0.03753310770822536	.
27	hic1l+hic2	.	0.00468685101859186	0.00468685101859186	0.03753310770822536	.
27	max+si:ch73-59f11.3	.	0.0046478913278493236	0.0046478913278493236	0.03753310770822536	.
27	nr4a1	.	0.0047324701776991895	0.0047324701776991895	0.03753310770822536	.
27	si:ch211-153j24.3	.	0.004537477343843739	0.004537477343843739	0.03753310770822536	.
27	glis1a+glis1b	.	0.004670414500316113	0.004670414500316113	0.03753310770822536	.
27	e2f1	.	0.004900864802654739	0.004900864802654739	0.03766114230416821	.
27	nr4a2b	.	0.004915098232916869	0.004915098232916869	0.03766114230416821	.
27	meis3	.	0.005210266467445051	0.005210266467445051	0.03795132365176025	.
27	rxraa+rxrab+rxrba+rxrgb	.	0.005155945330610187	0.005155945330610187	0.03795132365176025	.
27	nkx2.5	.	0.005206594053099813	0.005206594053099813	0.03795132365176025	.
27	pparaa+pparda+ppardb	.	0.0050523936008489215	0.0050523936008489215	0.03795132365176025	.
27	snai1b+snai3	.	0.00567682584914245	0.00567682584914245	0.04084545428041519	.
27	bhlhe41	.	0.0058877334165390975	0.0058877334165390975	0.04185256284045864	.
27	egr2a+egr2b	.	0.006252189165059268	0.006252189165059268	0.04289292566726707	.
27	e2f6	.	0.006192587520930389	0.006192587520930389	0.04289292566726707	.
27	myca+mych	.	0.006208812337823237	0.006208812337823237	0.04289292566726707	.
27	TCF4	.	0.006421986498086337	0.006421986498086337	0.04355140268817172	.
27	tbx4	.	0.006887522205490419	0.006887522205490419	0.04617770569590167	.
27	arnt2	.	0.007334230008553154	0.007334230008553154	0.04652898607576732	.
27	clocka+clockb+npas2	.	0.007298293708163906	0.007298293708163906	0.04652898607576732	.
27	nr2c2	.	0.007205361239041018	0.007205361239041018	0.04652898607576732	.
27	nr5a1a+nr5a2+nr5a5	.	0.007158920803101704	0.007158920803101704	0.04652898607576732	.
27	mnta+mntb	.	0.007189182853828461	0.007189182853828461	0.04652898607576732	.
27	si:dkey-229b18.3+snai2	.	0.007940125240749312	0.007940125240749312	0.04983695629832015	.
28	sp8a+sp8b	.	2.8935358718018204e-05	2.8935358718018204e-05	0.0017921587616518296	.
28	wt1a+wt1b	.	2.987125450138352e-05	2.987125450138352e-05	0.0017921587616518296	.
28	rsl1d1+sp3a	.	3.183038989220762e-05	3.183038989220762e-05	0.0017921587616518296	.
28	hinfp	.	1.435177382209042e-05	1.435177382209042e-05	0.0017921587616518296	.
28	gabpa	.	1.7470485460881578e-05	1.7470485460881578e-05	0.0017921587616518296	.
28	etv2	.	2.8164416836547514e-05	2.8164416836547514e-05	0.0017921587616518296	.
28	spi2+spic	.	1.9547239828376597e-05	1.9547239828376597e-05	0.0017921587616518296	.
28	klf5l+klf6a+klf6b	.	2.021396952997061e-05	2.021396952997061e-05	0.0017921587616518296	.
28	sp1	.	3.231144620444939e-05	3.231144620444939e-05	0.0017921587616518296	.
28	zbtb7a+zbtb7c	.	1.620087664672378e-05	1.620087664672378e-05	0.0017921587616518296	.
28	egr2a+egr2b	.	3.341312945452564e-05	3.341312945452564e-05	0.0017921587616518296	.
28	znf740a+znf740b	.	5.529516338379032e-05	5.529516338379032e-05	0.0018705562490268673	.
28	elf1	.	4.650782442131636e-05	4.650782442131636e-05	0.0018705562490268673	.
28	patz1	.	5.2206839549745975e-05	5.2206839549745975e-05	0.0018705562490268673	.
28	elf2a+elf2b	.	4.911150955910586e-05	4.911150955910586e-05	0.0018705562490268673	.
28	etv5a+etv5b	.	4.5780564489041494e-05	4.5780564489041494e-05	0.0018705562490268673	.
28	etv4	.	4.172415425401656e-05	4.172415425401656e-05	0.0018705562490268673	.
28	plag1+plagx	.	5.706781776692137e-05	5.706781776692137e-05	0.0018705562490268673	.
28	spi1a+spi1b	.	8.151492991441005e-05	8.151492991441005e-05	0.002531253086815891	.
28	mafb+nrl	.	8.679961783438879e-05	8.679961783438879e-05	0.0025605887261144693	.
28	e2f6	.	9.156013501822491e-05	9.156013501822491e-05	0.002572403793369176	.
28	klf4	.	0.00010479301934488939	0.00010479301934488939	0.00259107735077701	.
28	myb	.	0.00010539975664177668	0.00010539975664177668	0.00259107735077701	.
28	ets2	.	0.00010194078024052993	0.00010194078024052993	0.00259107735077701	.
28	etv1	.	0.00011369022264370285	0.00011369022264370285	0.0026397250483684376	.
28	glis2a+glis2b	.	0.00011632686653827012	0.00011632686653827012	0.0026397250483684376	.
28	sp2	.	0.00013051799529474687	0.00013051799529474687	0.0027080075470311644	.
28	erg	.	0.00013769529900158463	0.00013769529900158463	0.0027080075470311644	.
28	hoxa1a+hoxb1b-1+hoxc1a	.	0.00013357481742595856	0.00013357481742595856	0.0027080075470311644	.
28	foxn1	.	0.00013418246382162347	0.00013418246382162347	0.0027080075470311644	.
28	elk1	.	0.0001494338697609627	0.0001494338697609627	0.0028440639728699348	.
28	ikzf1	.	0.00017506893836651176	0.00017506893836651176	0.0031996006257169933	.
28	CABZ01090890.1+atf6	.	0.00017896071296383183	0.00017896071296383183	0.0031996006257169933	.
28	elk4	.	0.00019241424596650266	0.00019241424596650266	0.0032435544320067594	.
28	zic2a+zic2b	.	0.00018973895522681725	0.00018973895522681725	0.0032435544320067594	.
28	klf12a	.	0.0002236619444171868	0.0002236619444171868	0.0035626888871288036	.
28	atf1	.	0.00022201887433246427	0.00022201887433246427	0.0035626888871288036	.
28	tfdp1a+tfdp1b	.	0.00023549977389495484	0.00023549977389495484	0.0035626888871288036	.
28	e2f1	.	0.0002331527878366168	0.0002331527878366168	0.0035626888871288036	.
28	egr1	.	0.00026940781743676714	0.00026940781743676714	0.00391615040011405	.
28	erf+erfl3	.	0.00027213926509267125	0.00027213926509267125	0.00391615040011405	.
28	prdm2a	.	0.000283128095274418	0.000283128095274418	0.003977275624093015	.
28	hoxb1a+hoxb1b-2	.	0.0002925598161090419	0.0002925598161090419	0.004014192825682203	.
28	atf5a+atf5b	.	0.00033704428006527137	0.00033704428006527137	0.00451945739178432	.
28	mybl2a	.	0.00036719998050181106	0.00036719998050181106	0.004814399744357078	.
28	tfap2d	.	0.00044508669847773575	0.00044508669847773575	0.0057087206978666104	.
28	atf2	.	0.00048617106589155825	0.00048617106589155825	0.0059758526849170695	.
28	e2f7	.	0.0004860338996329799	0.0004860338996329799	0.0059758526849170695	.
28	creb3l1	.	0.000522007315533101	0.000522007315533101	0.006285394207439379	.
28	atf3	.	0.0005514568323515925	0.0005514568323515925	0.006507190621748792	.
28	SPDEF	.	0.0006340976912119408	0.0006340976912119408	0.007335639957157746	.
28	gata3	.	0.0006598823992685926	0.0006598823992685926	0.007440637572585796	.
28	atf4a+atf4b	.	0.0006729377871543605	0.0006729377871543605	0.007440637572585796	.
28	maza+mazb	.	0.0006810075066434458	0.0006810075066434458	0.007440637572585796	.
28	ehf	.	0.0008301512553245507	0.0008301512553245507	0.00890525892075427	.
28	rbpja	.	0.0008950722518557798	0.0008950722518557798	0.008932358086586031	.
28	gata1a+gata2b	.	0.0009028673958273307	0.0009028673958273307	0.008932358086586031	.
28	zbtb14	.	0.0009083753986358675	0.0009083753986358675	0.008932358086586031	.
28	zic3	.	0.0008935351444870237	0.0008935351444870237	0.008932358086586031	.
28	nfatc2a	.	0.0008937845440066329	0.0008937845440066329	0.008932358086586031	.
28	junba+junbb	.	0.0010471519325599566	0.0010471519325599566	0.010023477856763071	.
28	gli2a+gli3	.	0.0010588221935648669	0.0010588221935648669	0.010023477856763071	.
28	fev+fli1a	.	0.0010703035677560567	0.0010703035677560567	0.010023477856763071	.
28	mbd2	.	0.0011035384223903844	0.0011035384223903844	0.010173244831411356	.
28	pax2a+pax5	.	0.0011545606662430043	0.0011545606662430043	0.010296450615893135	.
28	BX572630.1+relb	.	0.0011692579512963392	0.0011692579512963392	0.010296450615893135	.
28	dmbx1a+dmbx1b	.	0.0011603574002678006	0.0011603574002678006	0.010296450615893135	.
28	rela	.	0.0013292309043946564	0.0013292309043946564	0.011533032846953636	.
28	gcm2	.	0.0014546988990811807	0.0014546988990811807	0.012438729716781111	.
28	nfkb2	.	0.0016203893949021289	0.0016203893949021289	0.01365756775703223	.
28	fli1b	.	0.0016644899563837351	0.0016644899563837351	0.013831677102343716	.
28	klf7a+klf7b	.	0.0016902060411813566	0.0016902060411813566	0.013850299504125006	.
28	mybl1	.	0.0017489052757270398	0.0017489052757270398	0.014134987844917169	.
28	e2f8	.	0.001797525529661433	0.001797525529661433	0.014253245894354862	.
28	june	.	0.0018118532916552791	0.0018118532916552791	0.014253245894354862	.
28	nfkb1	.	0.0019272917078166666	0.0019272917078166666	0.014616337384571932	.
28	pbx4	.	0.0019323293491467978	0.0019323293491467978	0.014616337384571932	.
28	mecp2	.	0.001905614134772307	0.001905614134772307	0.014616337384571932	.
28	jdp2b	.	0.002124096523680302	0.002124096523680302	0.015863505683182	.
28	pax2b	.	0.002190444563046361	0.002190444563046361	0.01615452865246691	.
28	ddx28+nfatc1+nfatc2b+nfatc3a+nfatc3b+nfatc4	.	0.0022725886281333026	0.0022725886281333026	0.016553423340724058	.
28	arnt2	.	0.0024054953871540437	0.0024054953871540437	0.016696967981422187	.
28	pitx1+pitx3	.	0.0023776978555603966	0.0023776978555603966	0.016696967981422187	.
28	egr4	.	0.002398437127356182	0.002398437127356182	0.016696967981422187	.
28	sp4	.	0.0023614013711116748	0.0023614013711116748	0.016696967981422187	.
28	runx2a+runx2b	.	0.0024931497965943825	0.0024931497965943825	0.01710416720919402	.
28	glis3	.	0.002564493611190939	0.002564493611190939	0.017391393455202922	.
28	snai1a	.	0.0027406892628666656	0.0027406892628666656	0.018164168379359573	.
28	klf12b	.	0.0027708053460040027	0.0027708053460040027	0.018164168379359573	.
28	yy1a+yy1b	.	0.002750981108422471	0.002750981108422471	0.018164168379359573	.
28	zbtb38	.	0.0029412066410660167	0.0029412066410660167	0.01906936173877967	.
28	osr1	.	0.003138630384256482	0.003138630384256482	0.019919663168996855	.
28	atf7a+atf7b	.	0.003139879109689335	0.003139879109689335	0.019919663168996855	.
28	gli1+gli2b	.	0.0034459295542744995	0.0034459295542744995	0.02140103617917847	.
28	batf2+batf3	.	0.0034237888531822034	0.0034237888531822034	0.02140103617917847	.
28	rbpjb	.	0.003573077856136361	0.003573077856136361	0.02163097511663195	.
28	klf3+klf8	.	0.0035929416295422565	0.0035929416295422565	0.02163097511663195	.
28	bcl11aa+znf296	.	0.0035779939915956383	0.0035779939915956383	0.02163097511663195	.
28	si:dkey-229b18.3+snai2	.	0.003656585783126231	0.003656585783126231	0.021791773859035114	.
28	tbx5a+tbx5b	.	0.004262880181298038	0.004262880181298038	0.02515099306965843	.
28	hoxa2b	.	0.004375395044661272	0.004375395044661272	0.02555923837970446	.
28	cxxc1a+cxxc1b+mbd1a+mbd1b	.	0.004687357681141356	0.004687357681141356	0.02711314737130784	.
28	egr3	.	0.004754187421674753	0.004754187421674753	0.027232724065903928	.
28	creb5a+creb5b	.	0.005016051345203342	0.005016051345203342	0.027568041769687017	.
28	tfap4	.	0.005139804397738258	0.005139804397738258	0.027568041769687017	.
28	osr2	.	0.005135198505103724	0.005135198505103724	0.027568041769687017	.
28	maff+mafga+mafgb	.	0.005071330597256445	0.005071330597256445	0.027568041769687017	.
28	hic1l+hic2	.	0.004982291863334775	0.004982291863334775	0.027568041769687017	.
28	pitx2	.	0.0049187086059120375	0.0049187086059120375	0.027568041769687017	.
28	tead3a+tead3b	.	0.004913774715627321	0.004913774715627321	0.027568041769687017	.
28	pbx1a+pbx1b+pbx2+pbx3a+pbx3b	.	0.00522598081883262	0.00522598081883262	0.027777735883885095	.
28	srebf2	.	0.0053437738430739375	0.0053437738430739375	0.02790112006560728	.
28	figla	.	0.0053324807543762955	0.0053324807543762955	0.02790112006560728	.
28	hivep1	.	0.00553140322396651	0.00553140322396651	0.028627437738072286	.
28	tead1b	.	0.005868602210162738	0.005868602210162738	0.030108480904313173	.
28	mafa+mafbb	.	0.0059441316307255205	0.0059441316307255205	0.03023308329420739	.
28	CT573494.3+tead1a	.	0.0061511851250731255	0.0061511851250731255	0.030755925625365627	.
28	rel	.	0.00610569492193714	0.00610569492193714	0.030755925625365627	.
28	bach1a+bach1b+bach2a+bach2b	.	0.006246135563058557	0.006246135563058557	0.03096823514457604	.
28	TCF4	.	0.006426546913956964	0.006426546913956964	0.031000334986223264	.
28	stat3	.	0.0064275125834838895	0.0064275125834838895	0.031000334986223264	.
28	si:ch211-69l10.4+tbx15	.	0.006447404376167722	0.006447404376167722	0.031000334986223264	.
28	srebf1	.	0.00648426497025373	0.00648426497025373	0.031000334986223264	.
28	mespaa+mespab+mespba+mespbb	.	0.006515324641172347	0.006515324641172347	0.031000334986223264	.
28	raraa+rarab	.	0.006726152547823708	0.006726152547823708	0.0317474400257279	.
28	zbtb18+zbtb42	.	0.007248641720997374	0.007248641720997374	0.03341170793272227	.
28	nfe2l1b+nfe2l2b	.	0.0072289963407412	0.0072289963407412	0.03341170793272227	.
28	esrra+esrrgb	.	0.007196862880937053	0.007196862880937053	0.03341170793272227	.
28	tbx1	.	0.007423955728503135	0.007423955728503135	0.03369333753705269	.
28	snai1b+snai3	.	0.007380495722858491	0.007380495722858491	0.03369333753705269	.
28	crx+otx5	.	0.007583858428711355	0.007583858428711355	0.03415630895373816	.
28	xbp1	.	0.007687013089682429	0.007687013089682429	0.0343586191129745	.
28	tcf12	.	0.008107607521542649	0.008107607521542649	0.035839051184608686	.
28	rcor1	.	0.008139716709724685	0.008139716709724685	0.035839051184608686	.
28	id4	.	0.008323744085569525	0.008323744085569525	0.03637784452211866	.
28	pparab	.	0.008485264379958288	0.008485264379958288	0.036811073413054334	.
28	mlx	.	0.008595486321720476	0.008595486321720476	0.03701705788186191	.
28	e4f1+si:dkeyp-79b7.12	.	0.008892949226713626	0.008892949226713626	0.03752608526700937	.
28	ikzf2	.	0.00896809834347173	0.00896809834347173	0.03752608526700937	.
28	runx1	.	0.008912843386493462	0.008912843386493462	0.03752608526700937	.
28	gatad2ab+jun	.	0.00888680968542305	0.00888680968542305	0.03752608526700937	.
28	si:dkey-68o6.8	.	0.009213036362698358	0.009213036362698358	0.038059288907006744	.
28	mybl2b	.	0.009224539514749093	0.009224539514749093	0.038059288907006744	.
28	neurod1	.	0.009440181962941956	0.009440181962941956	0.03867852332038718	.
28	usf2	.	0.009522129291589262	0.009522129291589262	0.038745215738190786	.
28	prdm4	.	0.009676630464428657	0.009676630464428657	0.038919143123853736	.
28	esrrd+esrrga	.	0.009696803456282203	0.009696803456282203	0.038919143123853736	.
28	CABZ01079241.1+zfx+znf711	.	0.009958045742306588	0.009958045742306588	0.039697614783519505	.
28	eomesa+eomesb	.	0.010191236281576976	0.010191236281576976	0.04035455977268736	.
28	mta3	.	0.010442776435487059	0.010442776435487059	0.04073895170245399	.
28	nr2f1b+nr2f5	.	0.01041668109423612	0.01041668109423612	0.04073895170245399	.
28	otx2b	.	0.010495458743683062	0.010495458743683062	0.04073895170245399	.
28	BX548005.1+smarcc2	.	0.010665562412834343	0.010665562412834343	0.041109385419793455	.
28	insm1a+insm1b	.	0.010730246363810496	0.010730246363810496	0.041109385419793455	.
28	her6+her8.2+her9	.	0.010994974923527929	0.010994974923527929	0.041851840031493406	.
28	gsc	.	0.011157621124190524	0.011157621124190524	0.04219869527738723	.
28	mlxipl	.	0.01131544150018981	0.01131544150018981	0.04252299672045853	.
28	usf1l	.	0.011535088374134353	0.011535088374134353	0.04280315811785703	.
28	foxg1a+foxg1c+foxg1d+zgc:113424	.	0.011510168296312203	0.011510168296312203	0.04280315811785703	.
28	myod1	.	0.0116798891866858	0.0116798891866858	0.04306959137590388	.
28	esr1+esr2a+esr2b	.	0.011797993520809487	0.011797993520809487	0.04323488308868073	.
28	tbx4	.	0.012198617479369797	0.012198617479369797	0.04405192285999085	.
28	fosl2	.	0.012244941269556778	0.012244941269556778	0.04405192285999085	.
28	zeb1a+zeb1b	.	0.012115376503759441	0.012115376503759441	0.04405192285999085	.
28	tfec	.	0.01250117270447785	0.01250117270447785	0.044701163003890494	.
28	hsf2+si:dkey-18a10.3	.	0.012824787366400681	0.012824787366400681	0.045582075579375915	.
28	gmeb2	.	0.01307059179321711	0.01307059179321711	0.046177539868252064	.
28	nr1h4	.	0.01321515111505877	0.01321515111505877	0.04641035213026592	.
28	gata6	.	0.013552163275598888	0.013552163275598888	0.047312285991735765	.
29	nfic	.	1.000860123371721e-06	1.000860123371721e-06	0.0005905074727893154	.
29	nfia	.	3.495307716661573e-06	3.495307716661573e-06	0.0010206366304367136	.
29	nfixa+nfixb	.	5.189677781881595e-06	5.189677781881595e-06	0.0010206366304367136	.
29	yy1a+yy1b	.	4.47296858748527e-05	4.47296858748527e-05	0.0065976286665407734	.
29	ikzf1	.	8.052957058721891e-05	8.052957058721891e-05	0.007941272451157617	.
29	zic2a+zic2b	.	8.075870289312832e-05	8.075870289312832e-05	0.007941272451157617	.
29	bcl11aa+znf296	.	0.00020776169616669435	0.00020776169616669435	0.01751134296262138	.
29	egr1	.	0.0003343438420989141	0.0003343438420989141	0.024657858354794917	.
29	runx2a+runx2b	.	0.00038875211346132375	0.00038875211346132375	0.025484860771353444	.
29	CABZ01079241.1+zfx+znf711	.	0.000580869361499721	0.000580869361499721	0.03427129232848354	.
29	hoxa1a+hoxb1b-1+hoxc1a	.	0.0007852424867098802	0.0007852424867098802	0.04211755155989357	.
29	klf12b	.	0.0008874384639865831	0.0008874384639865831	0.043632391146007005	.
29	sox9a+sox9b	.	0.0009901004533544662	0.0009901004533544662	0.04493532826762578	.
30	tfdp1a+tfdp1b	.	7.516189619835036e-07	7.516189619835036e-07	0.00044345518757026714	.
30	arnt	.	3.848208591382492e-05	3.848208591382492e-05	0.0041963522377041745	.
30	hey1+heyl	.	3.344892987232895e-05	3.344892987232895e-05	0.0041963522377041745	.
30	mycn	.	5.689969135870067e-05	5.689969135870067e-05	0.0041963522377041745	.
30	myca+mych	.	5.529568182528261e-05	5.529568182528261e-05	0.0041963522377041745	.
30	hey2	.	2.686488939799474e-05	2.686488939799474e-05	0.0041963522377041745	.
30	mnta+mntb	.	4.9822105412355756e-05	4.9822105412355756e-05	0.0041963522377041745	.
30	arnt2	.	1.8871777209847752e-05	1.8871777209847752e-05	0.0041963522377041745	.
30	mlxipl	.	0.00012527608441403922	0.00012527608441403922	0.008212543311587016	.
30	e2f1	.	0.00014248274683635584	0.00014248274683635584	0.008406482063344994	.
30	mlx	.	0.0002699490411632484	0.0002699490411632484	0.013272494523859712	.
30	clocka+clockb+npas2	.	0.0002481587233446416	0.0002481587233446416	0.013272494523859712	.
30	e2f5	.	0.00037336010656975155	0.00037336010656975155	0.015624994060058205	.
30	mxi1	.	0.0003872400077617924	0.0003872400077617924	0.015624994060058205	.
30	gcm2	.	0.000397245611696395	0.000397245611696395	0.015624994060058205	.
30	bhlhe41	.	0.0004579322559075022	0.0004579322559075022	0.01627071438373527	.
30	mecp2	.	0.00046881719410762646	0.00046881719410762646	0.01627071438373527	.
30	srebf1	.	0.0008663064293509932	0.0008663064293509932	0.028395599628726998	.
30	gmeb2	.	0.0010875733884664672	0.0010875733884664672	0.033772015747116614	.
30	e2f2	.	0.0013021681642464747	0.0013021681642464747	0.03704060367265624	.
30	usf1l	.	0.0013183943680097985	0.0013183943680097985	0.03704060367265624	.
30	usf2	.	0.0018419143286997975	0.0018419143286997975	0.04939679336058547	.
31	sp1	.	8.372057266043775e-14	8.372057266043775e-14	4.939513786965827e-11	.
31	znf740a+znf740b	.	1.3530863384377934e-10	1.3530863384377934e-10	3.991604698391491e-08	.
31	rsl1d1+sp3a	.	1.1896987969469852e-08	1.1896987969469852e-08	2.339740967329071e-06	.
31	klf4	.	2.5994253747074452e-08	2.5994253747074452e-08	3.834152427693482e-06	.
31	sp8a+sp8b	.	4.046024633593434e-08	4.046024633593434e-08	4.774309067640252e-06	.
31	klf5l+klf6a+klf6b	.	4.4974292955398426e-07	4.4974292955398426e-07	4.422472140614178e-05	.
31	zic2a+zic2b	.	1.1064508696780358e-06	1.1064508696780358e-06	9.325800187286302e-05	.
31	tfdp1a+tfdp1b	.	1.4304000935237164e-06	1.4304000935237164e-06	0.00010549200689737408	.
31	e2f1	.	2.6758886181846956e-06	2.6758886181846956e-06	0.0001754193649698856	.
31	gli2a+gli3	.	3.671047099756433e-06	3.671047099756433e-06	0.00021659177888562955	.
31	zic3	.	3.875080980196786e-05	3.875080980196786e-05	0.0020784525257419124	.
31	rcor1	.	8.293138383199497e-05	8.293138383199497e-05	0.004077459705073085	.
31	snai1b+snai3	.	0.00012936998690861993	0.00012936998690861993	0.005871407098160444	.
31	ikzf1	.	0.00033769891522008585	0.00033769891522008585	0.014050735113164592	.
31	snai1a	.	0.00038244822039246206	0.00038244822039246206	0.014050735113164592	.
31	egr1	.	0.0004048516897013527	0.0004048516897013527	0.014050735113164592	.
31	mta3	.	0.000369513651117041	0.000369513651117041	0.014050735113164592	.
31	si:dkey-229b18.3+snai2	.	0.0005722807515312966	0.0005722807515312966	0.0187580913001925	.
31	mespaa+mespab+mespba+mespbb	.	0.0006141660426176232	0.0006141660426176232	0.019071471849705143	.
31	si:ch211-69l10.4+tbx15	.	0.0008455414645184169	0.0008455414645184169	0.024393549715944856	.
31	hinfp	.	0.0008682449898895627	0.0008682449898895627	0.024393549715944856	.
31	gcm2	.	0.0015775039387639826	0.0015775039387639826	0.04230578744867044	.
31	myb	.	0.0017891473162888845	0.0017891473162888845	0.04431131472458863	.
31	bcl11aa+znf296	.	0.0018255145047222404	0.0018255145047222404	0.04431131472458863	.
31	insm1a+insm1b	.	0.0018775980815503655	0.0018775980815503655	0.04431131472458863	.
31	tcf12	.	0.002100780167280589	0.002100780167280589	0.04703861881740252	.
31	mgaa	.	0.0021526147594404543	0.0021526147594404543	0.04703861881740252	.
31	figla	.	0.002249410499674698	0.002249410499674698	0.04739829267171686	.
31	mecp2	.	0.002333877426615217	0.002333877426615217	0.047482333851826826	.
31	tbx1	.	0.0024555541775679755	0.0024555541775679755	0.04829256549217019	.
31	mbd2	.	0.0025949442446013826	0.0025949442446013826	0.049387648526284376	.
31	zbtb7a+zbtb7c	.	0.002679577431641297	0.002679577431641297	0.04940470889588642	.
35	rsl1d1+sp3a	.	2.844264333274539e-06	2.844264333274539e-06	0.001678115956631978	.
35	znf740a+znf740b	.	7.511904031329642e-06	7.511904031329642e-06	0.0022160116892422444	.
35	egr1	.	1.9587122344555606e-05	1.9587122344555606e-05	0.0038521340610959357	.
35	arnt2	.	3.6763021877620186e-05	3.6763021877620186e-05	0.0054225457269489775	.
35	klf4	.	6.953124778865649e-05	6.953124778865649e-05	0.008204687239061466	.
35	sp1	.	8.796781344502448e-05	8.796781344502448e-05	0.008650168322094073	.
35	mgaa	.	0.00018592776338656217	0.00018592776338656217	0.01567105434258167	.
35	gli2a+gli3	.	0.0003539696555238905	0.0003539696555238905	0.026105262094886925	.
35	tbx1	.	0.00044845611232358166	0.00044845611232358166	0.02939878958565702	.
35	si:ch211-69l10.4+tbx15	.	0.0005938716835323712	0.0005938716835323712	0.031853117571281724	.
35	tfdp1a+tfdp1b	.	0.0005410795102850501	0.0005410795102850501	0.031853117571281724	.
35	tbx4	.	0.0007468219603463902	0.0007468219603463902	0.03671874638369752	.
37	sox10	.	2.0129541958668387e-08	2.0129541958668387e-08	1.1876429755614348e-05	.
38	ikzf1	.	1.2139181462308e-05	1.2139181462308e-05	0.007162117062761719	.
38	runx2a+runx2b	.	7.13382223591788e-05	7.13382223591788e-05	0.021044775595957747	.
38	arnt2	.	0.0001629758823991157	0.0001629758823991157	0.03205192353849275	.
38	rbpjb	.	0.0002472946410910342	0.0002472946410910342	0.03647595956092755	.
39	onecut1+onecutl	.	3.1568439675833133e-07	3.1568439675833133e-07	4.656344852185387e-05	.
39	hoxb6a+hoxb6b	.	3.040799896158568e-07	3.040799896158568e-07	4.656344852185387e-05	.
39	hoxb8a+hoxb8b	.	1.2620234727388074e-07	1.2620234727388074e-07	4.656344852185387e-05	.
39	lhx3+lhx4	.	2.389117630056037e-07	2.389117630056037e-07	4.656344852185387e-05	.
39	pdx1	.	7.970100057706131e-07	7.970100057706131e-07	7.837265056744363e-05	.
39	hoxa2b	.	7.035018415580792e-07	7.035018415580792e-07	7.837265056744363e-05	.
39	isl1+isl1l	.	1.7677784445751233e-06	1.7677784445751233e-06	0.00014899846889990327	.
39	nkx6.1	.	2.9402026818225085e-06	2.9402026818225085e-06	0.0001927466202528089	.
39	hoxb10a+hoxc10a	.	2.9366366698908355e-06	2.9366366698908355e-06	0.0001927466202528089	.
39	BX548076.1+CR388055.1+cuedc1b+med22+si:dkey-56d12.4+zfhx3+zfhx3a+zfhx4	.	5.353592710808093e-06	5.353592710808093e-06	0.00026321830828139787	.
39	nkx2.3+nkx2.7	.	5.237241541492955e-06	5.237241541492955e-06	0.00026321830828139787	.
39	foxb1a	.	4.848693689415895e-06	4.848693689415895e-06	0.00026321830828139787	.
39	uncx4.1	.	9.216743835181266e-06	9.216743835181266e-06	0.00038841991876835337	.
39	hoxd4a	.	8.940282015474386e-06	8.940282015474386e-06	0.00038841991876835337	.
39	lmx1al	.	1.27696340570199e-05	1.27696340570199e-05	0.0004708802558526088	.
39	mef2b	.	1.2229994902238392e-05	1.2229994902238392e-05	0.0004708802558526088	.
39	otx2b	.	1.5488784995200883e-05	1.5488784995200883e-05	0.000525518246863069	.
39	mef2d	.	1.6126317289136612e-05	1.6126317289136612e-05	0.000525518246863069	.
39	msx2b	.	1.69234689667768e-05	1.69234689667768e-05	0.000525518246863069	.
39	lmx1ba+lmx1bb	.	3.099225006195302e-05	3.099225006195302e-05	0.0008351253462190861	.
39	lhx2a	.	3.1140267147152364e-05	3.1140267147152364e-05	0.0008351253462190861	.
39	shox	.	2.996552330315667e-05	2.996552330315667e-05	0.0008351253462190861	.
39	shox2	.	3.2662312254848924e-05	3.2662312254848924e-05	0.0008378593143635158	.
39	hoxb1a+hoxb1b-2	.	4.463757267763322e-05	4.463757267763322e-05	0.0010973403283251499	.
39	vsx1	.	5.213830243389703e-05	5.213830243389703e-05	0.0011831384013845866	.
39	si:dkey-43p13.5+uncx	.	5.062418491296622e-05	5.062418491296622e-05	0.0011831384013845866	.
39	hoxc11a	.	5.7922417020659004e-05	5.7922417020659004e-05	0.0012657120756366226	.
39	hoxd9a	.	6.318649192818855e-05	6.318649192818855e-05	0.001331429651343973	.
39	foxq2	.	7.417827460393922e-05	7.417827460393922e-05	0.0014617063885612109	.
39	foxb1b+foxb2	.	7.432405365565479e-05	7.432405365565479e-05	0.0014617063885612109	.
39	bsx+nanog	.	9.645395341850805e-05	9.645395341850805e-05	0.0018357365328038628	.
39	dlx4a+dlx4b+dlx6a	.	0.00010315234562889052	0.00010315234562889052	0.0018991991563099663	.
39	dlx2a+dlx2b	.	0.00010622639348852354	0.00010622639348852354	0.0018991991563099663	.
39	meox2b	.	0.00014213812069919756	0.00014213812069919756	0.0024665144474272514	.
39	barhl1a+barhl1b	.	0.00018026017063858262	0.00018026017063858262	0.002954263907687882	.
39	msx1a	.	0.00017576413312803558	0.00017576413312803558	0.002954263907687882	.
39	hoxa1a+hoxb1b-1+hoxc1a	.	0.00019359772232731	0.00019359772232731	0.003087098815489538	.
39	prrx1a+prrx1b	.	0.00021074418091323108	0.00021074418091323108	0.0032720807036527985	.
39	mef2aa+mef2ab	.	0.0002168402293666437	0.0002168402293666437	0.003280403469905635	.
39	hoxa13a+hoxa13b	.	0.00025091021323674984	0.00025091021323674984	0.003663451359077089	.
39	foxg1b+si:rp71-45k5.2	.	0.0002545788232578994	0.0002545788232578994	0.003663451359077089	.
39	hoxa5a	.	0.0002854176695976684	0.0002854176695976684	0.004009438691967246	.
39	sox5	.	0.0005391231132149372	0.0005391231132149372	0.0073310258966530414	.
39	foxa2	.	0.0005467205753436167	0.0005467205753436167	0.0073310258966530414	.
39	si:ch1073-357b18.4	.	0.000585862116407313	0.000585862116407313	0.007681303304006992	.
39	barhl2	.	0.0006406449763989894	0.0006406449763989894	0.008216968175552255	.
39	pbx1a+pbx1b+pbx2+pbx3a+pbx3b	.	0.0007188958638952298	0.0007188958638952298	0.008836428327045532	.
39	cebp1	.	0.0007077373026685264	0.0007077373026685264	0.008836428327045532	.
39	foxf1+foxf2a+foxf2b	.	0.0007927482725843838	0.0007927482725843838	0.009354429616495729	.
39	rx3	.	0.0007856602333713102	0.0007856602333713102	0.009354429616495729	.
39	hoxd10a	.	0.0009463129338644353	0.0009463129338644353	0.010947541783921898	.
39	foxl1	.	0.0009714343413587518	0.0009714343413587518	0.01102204348849353	.
39	pou6f2	.	0.0010940557697334654	0.0010940557697334654	0.01161464290188592	.
39	foxp2	.	0.0010857237309800244	0.0010857237309800244	0.01161464290188592	.
39	dlx3b	.	0.001076199941501871	0.001076199941501871	0.01161464290188592	.
39	gata5	.	0.001102406783907816	0.001102406783907816	0.01161464290188592	.
39	mnx1+mnx2a+mnx2b	.	0.0011448764715710413	0.0011448764715710413	0.01164615721080887	.
39	fosl2	.	0.001130845428652508	0.001130845428652508	0.01164615721080887	.
39	CR354582.1	.	0.0011982596534677121	0.0011982596534677121	0.011782886592432503	.
39	gbx1	.	0.0011861131919206382	0.0011861131919206382	0.011782886592432503	.
39	CT573494.3+tead1a	.	0.0012509303403794793	0.0012509303403794793	0.012099162308588407	.
39	tead1b	.	0.0013111752899199092	0.0013111752899199092	0.012477313242786232	.
39	emx1	.	0.0013333947420366896	0.0013333947420366896	0.012487347584153125	.
39	sox9a+sox9b	.	0.0014069731580783542	0.0014069731580783542	0.012842934121862944	.
39	alx1	.	0.0014148995219001549	0.0014148995219001549	0.012842934121862944	.
39	foxd1+foxd7	.	0.0014920446997069093	0.0014920446997069093	0.01294568195333936	.
39	nfil3-5+nfil3-6+si:dkey-60d5.3	.	0.0014806989356715144	0.0014806989356715144	0.01294568195333936	.
39	en1b	.	0.0014552922256210008	0.0014552922256210008	0.01294568195333936	.
39	mixl1+mxtx1+sebox	.	0.0015275137357757288	0.0015275137357757288	0.013061349334893915	.
39	lhx6	.	0.0015595945584074304	0.0015595945584074304	0.013145154135148343	.
39	fosb+ttf1.6	.	0.001973190254303689	0.001973190254303689	0.01639693309914333	.
39	eve1+evx1	.	0.0020384180984355338	0.0020384180984355338	0.016703703862180067	.
39	si:ch211-153j24.3	.	0.0021697174678626725	0.0021697174678626725	0.017536072685465434	.
39	ddit3	.	0.0022760156973931182	0.0022760156973931182	0.018146611641377566	.
39	tcf7l1a+tcf7l1b+tcf7l2	.	0.002576326689305958	0.002576326689305958	0.02026710328920687	.
39	meox1	.	0.0027155482101977424	0.0027155482101977424	0.021081229526535107	.
39	hmbox1a+zgc:91944	.	0.002775179677982814	0.002775179677982814	0.02126436376636182	.
39	onecut2	.	0.0030155427544571074	0.0030155427544571074	0.022239627814121168	.
39	smarcc1a+smarcc1b	.	0.0029712056771678094	0.0029712056771678094	0.022239627814121168	.
39	fosl1b+jdp2a	.	0.0029931364778821848	0.0029931364778821848	0.022239627814121168	.
39	en2a+en2b	.	0.0032084803653731103	0.0032084803653731103	0.023370412537902903	.
39	gata1a+gata2b	.	0.0032896746757417757	0.0032896746757417757	0.023669610471800582	.
39	tead3a+tead3b	.	0.0035844322026254804	0.0035844322026254804	0.02547969878974739	.
39	hbp1	.	0.0038883046048513756	0.0038883046048513756	0.027310710915027517	.
39	gsx1	.	0.00412176925569832	0.00412176925569832	0.028609927774847162	.
39	hmx1+hmx3b	.	0.0043054559808354395	0.0043054559808354395	0.029537430566196617	.
39	hoxb2a	.	0.004468346448835555	0.004468346448835555	0.03030257936566641	.
39	hoxc11b	.	0.00653553709842565	0.00653553709842565	0.04381780554626288	.
39	nkx3-2+nkx3.3-2	.	0.0069849108508344285	0.0069849108508344285	0.04578997113324792	.
39	gata3	.	0.006961198299348168	0.006961198299348168	0.04578997113324792	.
39	nkx2.4a+nkx2.4b	.	0.007246771615785145	0.007246771615785145	0.04698456322322237	.
39	hoxd11a	.	0.007758528118056314	0.007758528118056314	0.049755778148404615	.
40	roraa+rorab	.	2.395424019643903e-12	2.395424019643903e-12	1.4133001715899028e-09	.
40	nr4a1	.	1.6277186679373184e-11	1.6277186679373184e-11	4.801770070415089e-09	.
40	pparab	.	2.672639252811753e-11	2.672639252811753e-11	5.25619053052978e-09	.
40	rargb	.	1.221562809011911e-10	1.221562809011911e-10	1.8018051432925686e-08	.
40	nr4a2b	.	2.689792936100843e-10	2.689792936100843e-10	3.1739556645989944e-08	.
40	nr2f1a	.	4.423072773799206e-09	4.423072773799206e-09	4.349354894235885e-07	.
40	junba+junbb	.	1.056236620311781e-08	1.056236620311781e-08	8.902565799770726e-07	.
